time,lux
0.067,3178.50
0.165,3178.50
0.267,3178.50
0.367,3178.50
0.467,3178.50
0.569,3178.50
0.671,3178.50
0.773,3178.50
0.876,3178.50
0.967,3178.50
1.073,3178.50
1.171,3178.50
1.276,3178.50
1.375,3178.50
1.472,3178.50
1.575,3178.50
1.675,3178.50
1.776,3178.50
1.875,3178.50
1.966,3178.50
2.073,3178.50
2.173,3178.50
2.275,3178.50
2.374,3178.50
2.472,3178.50
2.575,3178.50
2.674,3178.50
2.775,3178.50
2.873,3178.50
2.964,3178.50
3.073,3178.50
3.173,3178.50
3.274,3178.50
3.373,3178.50
3.473,3178.50
3.575,3178.50
3.674,3178.50
3.772,3178.50
3.874,3178.50
3.974,3178.50
4.068,3178.50
4.173,3178.50
4.275,3178.50
4.373,3178.50
4.475,3178.50
4.575,3178.50
4.674,3178.50
4.773,3178.50
4.871,3178.50
4.974,3178.50
5.065,3178.50
5.171,3178.50
5.274,3178.50
5.373,3178.50
5.473,3178.50
5.574,3178.50
5.674,3178.50
5.771,3178.50
5.872,3178.50
5.973,3178.50
6.074,3178.50
6.167,3178.50
6.273,3178.50
6.372,3178.50
6.474,3178.50
6.572,3178.50
6.673,3178.50
6.774,3178.50
6.873,3178.50
6.972,3178.50
7.073,3178.50
7.165,3178.50
7.272,3178.50
7.372,3178.50
7.472,3178.50
7.573,3178.50
7.672,3178.50
7.772,3178.50
7.872,3178.50
7.971,3178.50
8.073,3178.50
8.165,3178.50
8.272,3178.50
8.371,3178.50
8.473,3178.50
8.571,3178.50
8.673,3178.50
8.774,3178.50
8.872,3178.50
8.972,3178.50
9.074,3178.50
9.163,3178.50
9.272,3178.50
9.371,3178.50
9.473,3178.50
9.572,3178.50
9.672,3178.50
9.772,3178.50
9.872,3178.50
9.973,3178.50
10.073,3178.50
10.174,3178.50
10.271,3178.50
10.370,3178.50
10.473,3178.50
10.574,3178.50
10.672,3178.50
10.771,3178.50
10.872,3178.50
10.971,3178.50
11.073,3178.50
11.172,3178.50
11.263,3178.50
11.368,3178.50
11.470,3178.50
11.571,3178.50
11.672,3178.50
11.771,3178.50
11.871,3178.50
11.971,3178.50
12.072,3178.50
12.171,3178.50
12.272,3178.50
12.365,3178.50
12.472,3178.50
12.572,3178.50
12.671,3178.50
12.771,3178.50
12.866,3178.50
12.964,3178.50
13.069,3178.50
13.171,3178.50
13.273,3178.50
13.362,3178.50
13.471,3178.50
13.571,3178.50
13.672,3178.50
13.771,0.00
13.871,0.59
13.969,0.10
14.071,0.01
14.161,0.00
14.271,4457.93
14.371,3233.61
14.464,3210.77
14.570,3178.50
14.670,3210.77
14.768,3210.77
14.871,3210.77
14.971,3210.77
15.071,3210.77
15.171,3210.77
15.272,3178.50
15.369,3178.50
15.470,3210.77
15.571,3178.50
15.668,3210.77
15.770,3178.50
15.870,3210.77
15.971,3210.77
16.071,3178.50
16.168,3178.50
16.270,3178.50
16.368,3178.50
16.472,3178.50
16.570,3178.50
16.672,3178.50
16.770,3178.50
16.871,3178.50
16.970,3178.50
17.069,3178.50
17.170,3178.50
17.271,3178.50
17.371,3178.50
17.468,3178.50
17.570,3178.50
17.672,3178.50
17.769,3210.77
17.869,3178.50
17.968,3178.50
18.071,3178.50
18.169,3178.50
18.271,3178.50
18.369,3178.50
18.471,3210.77
18.568,3178.50
18.671,3210.77
18.768,3178.50
18.869,3178.50
18.970,3178.50
19.061,3178.50
19.171,3178.50
19.272,3178.50
19.369,3210.77
19.469,3178.50
19.567,3178.50
19.670,3178.50
19.768,3210.77
19.866,3178.50
19.968,3178.50
20.071,3210.77
20.166,3178.50
20.271,3178.50
20.367,3178.50
20.469,3210.77
20.566,3178.50
20.669,3178.50
20.768,3178.50
20.869,3178.50
20.968,3178.50
21.070,3178.50
21.169,3178.50
21.271,3178.50
21.367,3178.50
21.469,3210.77
21.568,3178.50
21.667,3178.50
21.768,3210.77
21.869,3178.50
21.965,3178.50
22.068,3210.77
22.167,3178.50
22.266,3178.50
22.368,3178.50
22.468,3178.50
22.567,3178.50
22.667,3178.50
22.767,3178.50
22.868,3178.50
22.966,3178.50
23.069,3178.50
23.167,3178.50
23.271,3178.50
23.366,3178.50
23.469,3178.50
23.567,3178.50
23.669,3178.50
23.768,3178.50
23.868,3178.50
23.967,3178.50
24.068,3178.50
24.168,3178.50
24.269,3178.50
24.367,3178.50
24.469,3178.50
24.566,3178.50
24.668,3178.50
24.767,3178.50
24.859,3178.50
24.971,3178.50
25.066,3178.50
25.166,3178.50
25.270,3178.50
25.366,3178.50
25.469,3178.50
25.567,3178.50
25.666,3178.50
25.767,3178.50
25.867,3178.50
25.965,3178.50
26.068,3178.50
26.167,3178.50
26.268,3178.50
26.365,3178.50
26.468,3210.77
26.565,3178.50
26.665,3178.50
26.768,3178.50
26.866,3210.77
26.965,3178.50
27.065,3178.50
27.166,3178.50
27.269,3178.50
27.365,3178.50
27.467,3178.50
27.566,3210.77
27.666,3178.50
27.765,3178.50
27.865,3178.50
27.966,3178.50
28.065,3210.77
28.164,3210.77
28.264,3178.50
28.363,3178.50
28.466,3178.50
28.565,3178.50
28.666,3178.50
28.766,3178.50
28.865,3210.77
28.962,3178.50
29.065,3178.50
29.166,3178.50
29.266,3178.50
29.367,3178.50
29.464,3178.50
29.564,3178.50
29.665,3178.50
29.764,3210.77
29.864,3178.50
29.963,3178.50
30.066,3178.50
30.164,3178.50
30.269,3178.50
30.364,3178.50
30.468,3178.50
30.564,3178.50
30.665,3178.50
30.765,3210.77
30.864,3178.50
30.961,3210.77
31.063,3178.50
31.163,3210.77
31.263,3210.77
31.362,3178.50
31.465,3178.50
31.563,3178.50
31.665,3178.50
31.765,3178.50
31.863,3210.77
31.963,3210.77
32.065,3178.50
32.162,3178.50
32.264,3178.50
32.363,3178.50
32.463,3178.50
32.563,3178.50
32.663,3178.50
32.763,3210.77
32.863,3178.50
32.962,3178.50
33.064,3210.77
33.161,3210.77
33.264,3178.50
33.362,3178.50
33.465,3178.50
33.563,3178.50
33.665,3210.77
33.761,3178.50
33.862,3210.77
33.961,3178.50
34.063,3210.77
34.161,3178.50
34.263,3178.50
34.360,3178.50
34.453,3210.77
34.551,3178.50
34.650,3178.50
34.750,3178.50
34.850,3178.50
34.950,3178.50
35.050,3178.50
35.150,3178.50
35.250,3178.50
35.350,3178.50
35.450,3178.50
35.548,3210.77
35.650,3178.50
35.750,3178.50
35.850,3210.77
35.950,3178.50
36.050,3178.50
36.149,3178.50
36.250,3178.50
36.349,3178.50
36.450,3178.50
36.550,3210.77
36.650,3178.50
36.750,3178.50
36.850,3178.50
36.949,3178.50
37.050,3210.77
37.149,3178.50
37.250,3178.50
37.349,3178.50
37.450,3210.77
37.549,3178.50
37.649,3210.77
37.749,3178.50
37.850,3210.77
37.949,3178.50
38.050,3178.50
38.149,3178.50
38.249,3178.50
38.349,3178.50
38.449,3178.50
38.549,3178.50
38.649,3178.50
38.750,3178.50
38.850,3178.50
38.949,3178.50
39.049,3178.50
39.148,3210.77
39.249,3178.50
39.349,3178.50
39.449,3178.50
39.549,3178.50
39.649,3178.50
39.749,3178.50
39.849,3178.50
39.949,3178.50
40.049,3178.50
40.147,3178.50
40.249,3178.50
40.348,3178.50
40.450,3178.50
40.549,3178.50
40.650,3210.77
40.749,3210.77
40.849,3178.50
40.949,3210.77
41.049,3178.50
41.148,3178.50
41.249,3178.50
41.348,3227.29
41.450,3227.29
41.550,3227.29
41.651,3210.77
41.750,3210.77
41.850,3178.50
41.950,3210.77
42.051,3227.29
42.150,3227.29
42.250,3227.29
42.349,3210.77
42.451,3210.77
42.550,3210.77
42.650,3227.29
42.750,3227.29
42.850,3210.77
42.948,3178.50
43.048,3178.50
43.149,3178.50
43.250,3178.50
43.350,3210.77
43.450,3178.50
43.549,3178.50
43.650,3178.50
43.749,3178.50
43.849,3178.50
43.949,3178.50
44.049,3178.50
44.148,3210.77
44.250,3210.77
44.348,3210.77
44.448,3178.50
44.548,3210.77
44.648,3210.77
44.748,3178.50
44.848,3210.77
44.948,3178.50
45.048,3178.50
45.148,3210.77
45.248,3178.50
45.347,3178.50
45.447,3178.50
45.547,3178.50
45.648,3178.50
45.747,3178.50
45.847,3178.50
45.947,3178.50
46.048,3178.50
46.146,3210.77
46.247,3178.50
46.347,3178.50
46.447,3178.50
46.547,3210.77
46.647,3178.50
46.747,3210.77
46.847,3178.50
46.947,3178.50
47.047,3178.50
47.147,3178.50
47.247,3178.50
47.347,3178.50
47.446,3178.50
47.547,3178.50
47.647,3178.50
47.747,3210.77
47.847,3178.50
47.947,3178.50
48.047,3178.50
48.147,3178.50
48.247,3178.50
48.347,3178.50
48.447,3178.50
48.546,3178.50
48.647,3178.50
48.747,3178.50
48.847,3178.50
48.945,3178.50
49.047,3178.50
49.147,3178.50
49.245,3178.50
49.346,3178.50
49.446,3178.50
49.546,3178.50
49.646,3178.50
49.746,3178.50
49.846,3178.50
49.946,3210.77
50.047,3178.50
50.146,3178.50
50.246,3178.50
50.346,3178.50
50.446,3178.50
50.546,3210.77
50.646,3178.50
50.746,3178.50
50.846,3178.50
50.945,3178.50
51.046,3178.50
51.146,3178.50
51.246,3178.50
51.346,3178.50
51.446,3178.50
51.546,3178.50
51.647,3178.50
51.747,3178.50
51.847,3178.50
51.947,3178.50
52.048,3178.50
52.148,3178.50
52.248,3178.50
52.348,3178.50
52.445,3178.50
52.546,3178.50
52.648,3210.77
52.747,3178.50
52.846,3178.50
52.947,3178.50
53.047,3210.77
53.146,3210.77
53.247,3210.77
53.347,3210.77
53.447,3178.50
53.545,3210.77
53.647,3210.77
53.747,3210.77
53.847,3210.77
53.947,3210.77
54.048,3210.77
54.148,3210.77
54.248,3210.77
54.348,3210.77
54.448,3210.77
54.548,3210.77
54.648,3178.50
54.747,3178.50
54.848,3210.77
54.947,3210.77
55.048,3178.50
55.147,3178.50
55.248,3178.50
55.347,3210.77
55.448,3210.77
55.547,3210.77
55.647,3210.77
55.747,3210.77
55.847,3210.77
55.947,3210.77
56.047,3210.77
56.148,3210.77
56.247,3210.77
56.347,3210.77
56.447,3210.77
56.547,3210.77
56.647,3210.77
56.747,3210.77
56.847,3210.77
56.946,3210.77
57.048,3210.77
57.147,3210.77
57.249,3210.77
57.348,3210.77
57.449,3210.77
57.548,3210.77
57.649,3210.77
57.749,3210.77
57.849,3178.50
57.948,3210.77
58.049,3178.50
58.148,3210.77
58.250,3210.77
58.348,3210.77
58.450,3210.77
58.548,3210.77
58.648,3210.77
58.747,3210.77
58.848,3210.77
58.948,3210.77
59.048,3210.77
59.148,3210.77
59.249,3210.77
59.348,3178.50
59.449,3178.50
59.548,3210.77
59.648,3210.77
59.748,3178.50
59.848,3178.50
59.947,3178.50
60.048,3210.77
60.146,3210.77
60.248,3210.77
60.347,3178.50
60.447,3210.77
60.546,3210.77
60.648,3210.77
60.747,3210.77
60.847,3210.77
60.947,3210.77
61.046,3210.77
61.146,3210.77
61.247,3210.77
61.347,3210.77
61.449,3178.50
61.547,3178.50
61.645,3210.77
61.747,3210.77
61.847,3210.77
61.946,3210.77
62.048,3178.50
62.147,3178.50
62.248,3210.77
62.347,3210.77
62.447,3210.77
62.547,3210.77
62.648,3210.77
62.747,3210.77
62.846,3210.77
62.944,3210.77
63.046,3178.50
63.145,3210.77
63.246,3210.77
63.345,3178.50
63.446,3210.77
63.545,3210.77
63.645,3210.77
63.745,3210.77
63.845,3178.50
63.945,3210.77
64.045,3178.50
64.146,3210.77
64.246,3210.77
64.345,3210.77
64.445,3210.77
64.545,3210.77
64.645,3210.77
64.745,3210.77
64.845,3210.77
64.945,3210.77
65.045,3210.77
65.146,3210.77
65.246,3210.77
65.346,3210.77
65.446,3210.77
65.545,3210.77
65.646,3210.77
65.746,3178.50
65.845,3178.50
65.944,3210.77
66.045,3210.77
66.146,3178.50
66.246,3178.50
66.344,3178.50
66.445,3178.50
66.545,3178.50
66.645,3178.50
66.746,3178.50
66.846,3210.77
66.944,3178.50
67.043,3178.50
67.147,3178.50
67.245,3178.50
67.346,3210.77
67.445,3210.77
67.545,3210.77
67.643,3210.77
67.746,3210.77
67.845,3178.50
67.945,3210.77
68.045,3210.77
68.145,3178.50
68.247,3178.50
68.344,3210.77
68.445,3210.77
68.545,3210.77
68.644,3210.77
68.745,3210.77
68.844,3210.77
68.944,3210.77
69.044,3178.50
69.144,3178.50
69.244,3178.50
69.342,3178.50
69.444,3178.50
69.544,3210.77
69.644,3210.77
69.744,3178.50
69.844,3178.50
69.944,3178.50
70.044,3178.50
70.143,3210.77
70.244,3210.77
70.344,3210.77
70.444,3210.77
70.544,3210.77
70.644,3210.77
70.744,3210.77
70.844,3178.50
70.944,3178.50
71.044,3178.50
71.144,3178.50
71.244,3210.77
71.343,3178.50
71.444,3178.50
71.544,3178.50
71.644,3178.50
71.743,3178.50
71.837,3210.77
71.943,3178.50
72.039,3178.50
72.143,3210.77
72.237,3178.50
72.343,3210.77
72.437,3210.77
72.536,3178.50
72.642,3178.50
72.742,3210.77
72.839,3178.50
72.942,3178.50
73.037,3210.77
73.142,3178.50
73.243,3178.50
73.342,3178.50
73.437,3178.50
73.537,3178.50
73.636,3178.50
73.743,3178.50
73.838,3210.77
73.943,3210.77
74.032,3210.77
74.143,3210.77
74.238,3210.77
74.343,3210.77
74.439,3210.77
74.541,3210.77
74.641,3210.77
74.743,3178.50
74.836,3178.50
74.942,3178.50
75.033,3210.77
75.143,3178.50
75.241,3178.50
75.342,3178.50
75.435,3210.77
75.538,3210.77
75.640,3210.77
75.742,3210.77
75.834,3210.77
75.942,3210.77
76.032,3210.77
76.142,3210.77
76.235,3210.77
76.341,3210.77
76.438,3210.77
76.538,3210.77
76.638,3178.50
76.740,3210.77
76.837,3210.77
76.941,3178.50
77.034,3210.77
77.139,3210.77
77.237,3178.50
77.339,3210.77
77.440,3210.77
77.539,3178.50
77.639,3210.77
77.739,3210.77
77.838,3210.77
77.939,3210.77
78.033,3178.50
78.139,3210.77
78.239,3210.77
78.340,3210.77
78.439,3178.50
78.539,3178.50
78.640,3178.50
78.738,3178.50
78.838,3210.77
78.939,3210.77
79.033,3210.77
79.139,3210.77
79.238,3210.77
79.339,3210.77
79.440,3210.77
79.539,3210.77
79.639,3210.77
79.738,3210.77
79.838,3210.77
79.939,3210.77
80.039,3210.77
80.139,3210.77
80.231,3210.77
80.338,3210.77
80.433,3210.77
80.534,3210.77
80.634,3210.77
80.740,3210.77
80.833,3210.77
80.939,3210.77
81.040,3210.77
81.139,3210.77
81.232,3210.77
81.340,3210.77
81.438,3210.77
81.536,3210.77
81.634,3210.77
81.740,3178.50
81.836,3210.77
81.939,3210.77
82.039,3210.77
82.138,3178.50
82.231,3210.77
82.339,3210.77
82.436,3210.77
82.535,3178.50
82.635,3178.50
82.738,3210.77
82.836,3210.77
82.938,3210.77
83.032,3210.77
83.139,3210.77
83.239,3210.77
83.339,3210.77
83.432,3210.77
83.538,3210.77
83.638,3178.50
83.738,3210.77
83.832,3210.77
83.939,3210.77
84.029,3210.77
84.140,3210.77
84.239,3210.77
84.339,3210.77
84.436,3210.77
84.539,3210.77
84.638,3210.77
84.739,3210.77
84.835,3178.50
84.939,3178.50
85.028,3210.77
85.140,3210.77
85.238,3210.77
85.338,3178.50
85.432,3210.77
85.535,3178.50
85.635,3210.77
85.738,3210.77
85.834,3210.77
85.937,3210.77
86.028,3210.77
86.137,3210.77
86.237,3210.77
86.338,3210.77
86.436,3210.77
86.532,3210.77
86.636,3210.77
86.738,3210.77
86.836,3210.77
86.938,3210.77
87.034,3178.50
87.138,3178.50
87.234,3210.77
87.338,3178.50
87.436,3210.77
87.536,3210.77
87.636,3210.77
87.737,3210.77
87.833,3210.77
87.939,3178.50
88.031,3178.50
88.138,3210.77
88.234,3210.77
88.338,3210.77
88.437,3210.77
88.535,3210.77
88.632,3210.77
88.739,3210.77
88.836,3210.77
88.939,3210.77
89.030,3210.77
89.139,3210.77
89.235,3210.77
89.338,3210.77
89.439,3178.50
89.532,3210.77
89.637,3210.77
89.738,3210.77
89.828,3210.77
89.939,3210.77
90.034,3210.77
90.139,3210.77
90.233,3210.77
90.339,3210.77
90.437,3178.50
90.536,3210.77
90.631,3210.77
90.738,3210.77
90.834,3210.77
90.938,3210.77
91.030,3210.77
91.139,3210.77
91.235,3210.77
91.339,3210.77
91.434,3210.77
91.537,3210.77
91.634,3210.77
91.739,3210.77
91.830,3210.77
91.938,3210.77
92.030,3210.77
92.138,3210.77
92.234,3210.77
92.338,3210.77
92.430,3210.77
92.537,3178.50
92.637,3210.77
92.738,3210.77
92.837,3210.77
92.938,3210.77
93.031,3210.77
93.138,3210.77
93.238,3210.77
93.338,3210.77
93.431,3210.77
93.535,3210.77
93.637,3210.77
93.738,3210.77
93.835,3178.50
93.938,3210.77
94.031,3210.77
94.138,3210.77
94.238,3210.77
94.338,3210.77
94.433,3210.77
94.538,3210.77
94.636,3178.50
94.737,3210.77
94.831,3210.77
94.938,3210.77
95.032,3210.77
95.137,3210.77
95.236,3210.77
95.337,3210.77
95.432,3210.77
95.535,3210.77
95.637,3210.77
95.737,3210.77
95.836,3210.77
95.935,3210.77
96.032,3210.77
96.137,3210.77
96.235,3210.77
96.338,3210.77
96.432,3210.77
96.537,3178.50
96.632,3210.77
96.736,3210.77
96.837,3210.77
96.937,3210.77
97.035,3210.77
97.137,3210.77
97.237,3210.77
97.337,3210.77
97.435,3210.77
97.539,3210.77
97.635,3210.77
97.740,3210.77
97.836,3210.77
97.939,3210.77
98.037,3210.77
98.139,3210.77
98.240,3210.77
98.340,3210.77
98.436,3210.77
98.535,3210.77
98.637,3178.50
98.739,3210.77
98.839,3210.77
98.939,3210.77
99.038,3210.77
99.139,3210.77
99.235,3178.50
99.340,3178.50
99.436,3210.77
99.537,3210.77
99.635,3210.77
99.738,3210.77
99.830,3210.77
99.939,3210.77
100.033,3210.77
100.138,3210.77
100.235,3210.77
100.338,3178.50
100.436,3210.77
100.532,3210.77
100.627,3210.77
100.738,3210.77
100.828,3178.50
100.937,3178.50
101.032,3210.77
101.137,3210.77
101.232,3210.77
101.337,3210.77
101.433,3210.77
101.535,3210.77
101.630,3178.50
101.737,3210.77
101.834,3210.77
101.936,3210.77
102.032,3178.50
102.136,3210.77
102.235,3210.77
102.336,3210.77
102.429,3178.50
102.534,3178.50
102.634,3178.50
102.736,3210.77
102.834,3210.77
102.936,3210.77
103.028,3210.77
103.136,3210.77
103.232,3210.77
103.336,3210.77
103.432,3210.77
103.529,3210.77
103.638,3210.77
103.735,3178.50
103.834,3178.50
103.937,3210.77
104.027,3210.77
104.136,3210.77
104.235,3210.77
104.335,3210.77
104.435,3210.77
104.532,3210.77
104.630,3210.77
104.736,3210.77
104.831,3210.77
104.937,3178.50
105.032,3210.77
105.135,3210.77
105.229,3210.77
105.336,3210.77
105.431,3210.77
105.528,3210.77
105.636,3210.77
105.737,3210.77
105.833,3210.77
105.936,3210.77
106.034,3210.77
106.136,3210.77
106.235,3210.77
106.336,3210.77
106.437,3178.50
106.528,3178.50
106.632,3210.77
106.735,3210.77
106.831,3210.77
106.936,3210.77
107.035,3178.50
107.136,3178.50
107.234,3178.50
107.336,3178.50
107.434,3178.50
107.529,3210.77
107.635,3210.77
107.737,3210.77
107.834,3178.50
107.935,3210.77
108.032,3210.77
108.136,3210.77
108.228,3210.77
108.336,3210.77
108.430,3210.77
108.533,3210.77
108.633,3210.77
108.735,3210.77
108.835,3210.77
108.936,3210.77
109.028,3210.77
109.137,3178.50
109.227,3210.77
109.334,3210.77
109.434,3210.77
109.531,3210.77
109.637,3210.77
109.735,3178.50
109.828,3210.77
109.934,3178.50
110.032,3178.50
110.134,3178.50
110.231,3178.50
110.334,3210.77
110.434,3210.77
110.530,3210.77
110.629,3210.77
110.735,3210.77
110.831,3210.77
110.934,3210.77
111.025,3210.77
111.135,3210.77
111.234,3210.77
111.335,3210.77
111.430,3178.50
111.530,3210.77
111.631,3210.77
111.733,3210.77
111.831,3210.77
111.933,3210.77
112.026,3210.77
112.134,3210.77
112.234,3210.77
112.334,3210.77
112.428,3210.77
112.533,3210.77
112.632,3178.50
112.734,3178.50
112.826,3210.77
112.933,3210.77
113.029,3210.77
113.134,3178.50
113.233,3210.77
113.333,3210.77
113.430,3210.77
113.531,3210.77
113.631,3210.77
113.732,3210.77
113.831,3210.77
113.933,3178.50
114.029,3210.77
114.133,3210.77
114.230,3178.50
114.333,3210.77
114.427,3210.77
114.533,3210.77
114.627,3178.50
114.733,3210.77
114.830,3178.50
114.933,3210.77
115.027,3210.77
115.133,3178.50
115.225,3178.50
115.333,3210.77
115.425,3210.77
115.522,3178.50
115.633,3178.50
115.733,3178.50
115.830,3210.77
115.932,3210.77
116.022,3210.77
116.132,3210.77
116.221,3210.77
116.332,3210.77
116.432,3210.77
116.529,3210.77
116.631,3210.77
116.732,3210.77
116.831,3210.77
116.932,3210.77
117.023,3210.77
117.132,3178.50
117.226,3210.77
117.331,3178.50
117.430,3210.77
117.529,3178.50
117.628,3178.50
117.730,3210.77
117.830,3178.50
117.930,3178.50
118.029,3233.61
118.133,3178.50
118.235,3178.50
118.342,3178.50
118.451,3178.50
118.543,3178.50
118.647,3178.50
118.747,3178.50
118.841,3178.50
118.948,3178.50
119.039,3178.50
119.147,3178.50
119.248,3178.50
119.347,3178.50
119.446,3178.50
119.542,3178.50
119.635,3178.50
119.747,3178.50
119.844,3178.50
119.947,3178.50
120.034,3178.50
120.147,3178.50
120.247,3178.50
120.336,3178.50
120.445,3178.50
120.543,3178.50
120.647,3178.50
120.747,3178.50
120.840,3178.50
120.946,3178.50
121.031,3178.50
121.147,3178.50
121.245,3178.50
121.348,3178.50
121.444,3178.50
121.543,3178.50
121.646,3178.50
121.746,3178.50
121.846,3178.50
121.947,3178.50
122.034,3178.50
122.146,3178.50
122.243,3178.50
122.347,3178.50
122.437,3178.50
122.543,3178.50
122.640,3178.50
122.746,3178.50
122.842,3178.50
122.946,3178.50
123.034,3178.50
123.145,3178.50
123.239,3178.50
123.347,3178.50
123.431,3178.50
123.540,3178.50
123.641,3178.50
123.746,3178.50
123.835,3178.50
123.945,3178.50
124.034,3178.50
124.146,3178.50
124.249,3178.50
124.335,3178.50
124.440,3178.50
124.536,3178.50
124.643,3178.50
124.746,3178.50
124.840,3178.50
124.945,3178.50
125.035,3178.50
125.145,3178.50
125.247,3178.50
125.346,3178.50
125.435,3178.50
125.537,3178.50
125.644,3178.50
125.745,3178.50
125.841,3178.50
125.945,3178.50
126.033,3178.50
126.145,3178.50
126.241,3178.50
126.345,3178.50
126.445,3178.50
126.536,3178.50
126.642,3178.50
126.745,3178.50
126.841,3178.50
126.946,3178.50
127.033,3178.50
127.145,3178.50
127.244,3178.50
127.345,3178.50
127.445,3178.50
127.540,3178.50
127.637,3178.50
127.744,3178.50
127.841,3178.50
127.945,3178.50
128.035,3178.50
128.144,3178.50
128.245,3178.50
128.346,3178.50
128.447,3178.50
128.539,3178.50
128.628,3178.50
128.745,3178.50
128.842,3178.50
128.945,3178.50
129.033,3178.50
129.145,3178.50
129.246,3178.50
129.343,3178.50
129.444,3178.50
129.539,3178.50
129.643,3178.50
129.736,3178.50
129.844,3178.50
129.945,3178.50
130.030,3178.50
130.145,3178.50
130.242,3178.50
130.345,3178.50
130.444,3178.50
130.540,3178.50
130.647,3178.50
130.739,3178.50
130.840,3178.50
130.945,3178.50
131.033,3178.50
131.144,3178.50
131.244,3178.50
131.344,3178.50
131.445,3178.50
131.538,3178.50
131.643,3178.50
131.751,3178.50
131.838,3178.50
131.944,3178.50
132.032,3178.50
132.145,3178.50
132.247,3178.50
132.343,3178.50
132.445,3178.50
132.538,3178.50
132.643,3178.50
132.744,3178.50
132.829,3178.50
132.930,3178.50
133.028,3178.50
133.145,3178.50
133.245,3178.50
133.343,3178.50
133.443,3178.50
133.536,3178.50
133.644,3178.50
133.744,3178.50
133.841,3178.50
133.944,3178.50
134.033,3178.50
134.142,3178.50
134.237,3178.50
134.333,3178.50
134.438,3178.50
134.534,3178.50
134.633,3178.50
134.736,3178.50
134.840,3178.50
134.943,3178.50
135.029,3178.50
135.143,3178.50
135.242,3178.50
135.343,3178.50
135.442,3178.50
135.534,3178.50
135.644,3178.50
135.743,3178.50
135.838,3178.50
135.943,3178.50
136.030,3178.50
136.143,3178.50
136.243,3178.50
136.343,3178.50
136.439,3178.50
136.540,3178.50
136.643,3178.50
136.742,3178.50
136.841,3178.50
136.942,3178.50
137.031,3178.50
137.143,3178.50
137.242,3178.50
137.342,3178.50
137.442,3178.50
137.540,3178.50
137.642,3178.50
137.743,3178.50
137.837,3178.50
137.943,3178.50
138.029,3178.50
138.142,3178.50
138.242,3178.50
138.343,3178.50
138.442,3178.50
138.540,3178.50
138.641,3178.50
138.732,3178.50
138.841,3178.50
138.944,3178.50
139.030,3178.50
139.143,3178.50
139.243,3178.50
139.341,3178.50
139.441,3178.50
139.538,3178.50
139.637,3178.50
139.742,3178.50
139.839,3178.50
139.943,3178.50
140.032,3178.50
140.143,3178.50
140.239,3178.50
140.342,3178.50
140.439,3178.50
140.538,3178.50
140.644,3178.50
140.742,3178.50
140.838,3178.50
140.942,3178.50
141.033,3178.50
141.143,3178.50
141.239,3178.50
141.342,3178.50
141.445,3178.50
141.539,3178.50
141.641,3178.50
141.742,3178.50
141.839,3178.50
141.941,3178.50
142.031,3178.50
142.142,3178.50
142.242,3178.50
142.341,3178.50
142.428,3178.50
142.532,3178.50
142.642,3178.50
142.741,3178.50
142.839,3178.50
142.941,3178.50
143.029,3178.50
143.142,3178.50
143.241,3178.50
143.341,3178.50
143.439,3178.50
143.537,3178.50
143.637,3178.50
143.741,3178.50
143.840,3178.50
143.940,3178.50
144.029,3178.50
144.141,3178.50
144.243,3178.50
144.341,3178.50
144.434,3178.50
144.537,3178.50
144.644,3178.50
144.741,3178.50
144.836,3178.50
144.941,3178.50
145.029,3178.50
145.141,3178.50
145.238,3178.50
145.341,3178.50
145.432,3178.50
145.537,3178.50
145.640,3178.50
145.739,3178.50
145.837,3178.50
145.940,3178.50
146.028,3178.50
146.141,3178.50
146.240,3178.50
146.341,3178.50
146.438,3178.50
146.535,3178.50
146.637,3178.50
146.740,3178.50
146.838,3178.50
146.940,3178.50
147.028,3178.50
147.140,3178.50
147.237,3178.50
147.340,3178.50
147.435,3178.50
147.538,3178.50
147.640,3178.50
147.740,3178.50
147.840,3178.50
147.939,3178.50
148.031,3178.50
148.140,3178.50
148.239,3178.50
148.341,3178.50
148.439,3178.50
148.537,3178.50
148.641,3178.50
148.729,3178.50
148.831,3178.50
148.933,3178.50
149.018,3178.50
149.117,3178.50
149.240,3178.50
149.336,3178.50
149.430,3178.50
149.532,3178.50
149.638,3178.50
149.733,3178.50
149.832,3178.50
149.936,3178.50
150.029,3178.50
150.137,3178.50
150.238,3178.50
150.338,3178.50
150.437,3178.50
150.537,3178.50
150.635,3178.50
150.738,3178.50
150.835,3178.50
150.939,3178.50
151.026,3178.50
151.139,3178.50
151.239,3178.50
151.337,3178.50
151.438,3178.50
151.533,3178.50
151.635,3178.50
151.735,3178.50
151.839,3178.50
151.939,3178.50
152.027,3178.50
152.139,3178.50
152.236,3178.50
152.336,3178.50
152.434,3178.50
152.534,3178.50
152.637,3178.50
152.739,3178.50
152.838,3178.50
152.939,3178.50
153.027,3178.50
153.133,3178.50
153.241,3178.50
153.338,3178.50
153.435,3178.50
153.537,3178.50
153.638,3178.50
153.739,3178.50
153.832,3178.50
153.939,3178.50
154.027,3178.50
154.138,3178.50
154.238,3178.50
154.336,3178.50
154.437,3178.50
154.536,3178.50
154.633,3178.50
154.740,3178.50
154.834,3178.50
154.939,3178.50
155.028,3178.50
155.138,3178.50
155.234,3178.50
155.337,3178.50
155.433,3178.50
155.538,3178.50
155.639,3178.50
155.739,3178.50
155.832,3178.50
155.938,3178.50
156.028,3178.50
156.138,3178.50
156.235,3178.50
156.339,3178.50
156.433,3178.50
156.533,3178.50
156.638,3178.50
156.737,3178.50
156.837,3178.50
156.938,3178.50
157.030,3178.50
157.138,3178.50
157.234,3178.50
157.339,3178.50
157.432,3178.50
157.526,3178.50
157.636,3178.50
157.738,3178.50
157.831,3178.50
157.937,3178.50
158.027,3178.50
158.139,3178.50
158.237,3178.50
158.338,3178.50
158.434,3178.50
158.534,3178.50
158.632,3178.50
158.734,3178.50
158.835,3178.50
158.936,3178.50
159.031,3178.50
159.138,3178.50
159.233,3178.50
159.339,3178.50
159.438,3178.50
159.537,3178.50
159.641,3178.50
159.737,3178.50
159.837,3178.50
159.933,3178.50
160.038,3178.50
160.137,3178.50
160.239,3178.50
160.337,3178.50
160.441,3178.50
160.536,3178.50
160.639,3178.50
160.737,3178.50
160.837,3178.50
160.937,3178.50
161.037,3178.50
161.137,3178.50
161.238,3178.50
161.337,3178.50
161.436,3178.50
161.536,3178.50
161.637,3178.50
161.736,3178.50
161.836,3178.50
161.938,3178.50
162.040,3178.50
162.136,3178.50
162.237,3178.50
162.336,3178.50
162.441,3178.50
162.536,3178.50
162.636,3178.50
162.735,3178.50
162.838,3178.50
162.935,3178.50
163.037,3178.50
163.135,3178.50
163.236,3178.50
163.337,3178.50
163.437,3178.50
163.536,3178.50
163.640,3178.50
163.735,3178.50
163.836,3178.50
163.937,3178.50
164.035,3178.50
164.136,3178.50
164.237,3178.50
164.337,3178.50
164.437,3178.50
164.536,3178.50
164.637,3178.50
164.736,3178.50
164.837,3178.50
164.935,3178.50
165.039,3178.50
165.137,3178.50
165.235,3178.50
165.337,3178.50
165.439,3178.50
165.535,3178.50
165.637,3178.50
165.735,3178.50
165.836,3178.50
165.936,3178.50
166.041,3178.50
166.135,3178.50
166.237,3178.50
166.336,3178.50
166.438,3178.50
166.535,3178.50
166.636,3178.50
166.736,3178.50
166.836,3178.50
166.935,3178.50
167.036,3178.50
167.136,3178.50
167.237,3178.50
167.334,3178.50
167.436,3178.50
167.536,3178.50
167.636,3178.50
167.735,3178.50
167.836,3178.50
167.935,3178.50
168.038,3178.50
168.134,3178.50
168.236,3178.50
168.335,3178.50
168.438,3178.50
168.534,3178.50
168.634,3178.50
168.735,3178.50
168.835,3178.50
168.936,3178.50
169.034,3178.50
169.135,3178.50
169.235,3178.50
169.334,3178.50
169.434,3178.50
169.536,3178.50
169.635,3178.50
169.735,3178.50
169.834,3178.50
169.935,3178.50
170.037,3178.50
170.134,3178.50
170.234,3178.50
170.335,3178.50
170.435,3178.50
170.534,3178.50
170.635,3178.50
170.734,3178.50
170.833,3178.50
170.934,3178.50
171.038,3178.50
171.134,3178.50
171.236,3178.50
171.334,3178.50
171.435,3178.50
171.535,3178.50
171.634,3178.50
171.728,3178.50
171.835,3178.50
171.936,3178.50
172.035,3178.50
172.135,3178.50
172.233,3178.50
172.334,3178.50
172.434,3178.50
172.533,3178.50
172.638,3178.50
172.733,3178.50
172.833,3178.50
172.934,3178.50
173.034,3178.50
173.134,3178.50
173.234,3178.50
173.333,3178.50
173.434,3178.50
173.534,3178.50
173.635,3178.50
173.734,3178.50
173.834,3178.50
173.934,3178.50
174.034,3178.50
174.134,3178.50
174.235,3178.50
174.333,3178.50
174.433,3178.50
174.534,3178.50
174.623,3178.50
174.733,3178.50
174.834,3178.50
174.933,3178.50
175.034,3178.50
175.133,3178.50
175.234,3178.50
175.333,3178.50
175.432,3178.50
175.533,3178.50
175.634,3178.50
175.732,3178.50
175.833,3178.50
175.933,3178.50
176.034,3178.50
176.133,3178.50
176.233,3178.50
176.333,3178.50
176.433,3178.50
176.534,3178.50
176.633,3178.50
176.733,3178.50
176.832,3178.50
176.933,3178.50
177.034,3178.50
177.133,3178.50
177.234,3178.50
177.333,3178.50
177.431,3178.50
177.533,3178.50
177.633,3178.50
177.732,3178.50
177.833,3178.50
177.933,3178.50
178.033,3178.50
178.133,3178.50
178.233,3178.50
178.333,3178.50
178.433,3178.50
178.534,3178.50
178.633,3178.50
178.731,3178.50
178.833,3178.50
178.933,3178.50
179.033,3178.50
179.133,3178.50
179.233,3178.50
179.332,3178.50
179.433,3178.50
179.532,3178.50
179.633,3178.50
179.731,3178.50
179.833,3178.50
179.932,3178.50
180.022,3178.50
180.133,3178.50
180.233,3178.50
180.333,3178.50
180.432,3178.50
180.532,3178.50
180.633,3178.50
180.731,3178.50
180.833,3178.50
180.933,3178.50
181.033,3178.50
181.133,3178.50
181.232,3178.50
181.332,3178.50
181.432,3178.50
181.532,3178.50
181.632,3178.50
181.732,3178.50
181.832,3178.50
181.932,3178.50
182.032,3178.50
182.132,3178.50
182.233,3178.50
182.332,3178.50
182.432,3178.50
182.529,3178.50
182.632,3178.50
182.731,3178.50
182.831,3178.50
182.931,3178.50
183.033,3178.50
183.131,3178.50
183.233,3178.50
183.331,3178.50
183.431,3178.50
183.532,3178.50
183.632,3178.50
183.730,3178.50
183.831,3178.50
183.931,3178.50
184.032,3178.50
184.131,3178.50
184.233,3178.50
184.331,3178.50
184.433,3178.50
184.531,3178.50
184.631,3178.50
184.730,3178.50
184.833,3178.50
184.930,3178.50
185.028,3178.50
185.131,3178.50
185.230,3178.50
185.330,3178.50
185.433,3178.50
185.529,3178.50
185.631,3178.50
185.727,3178.50
185.833,3178.50
185.930,3178.50
186.032,3178.50
186.132,3178.50
186.231,3178.50
186.330,3178.50
186.431,3178.50
186.531,3178.50
186.631,3178.50
186.731,3178.50
186.833,3178.50
186.930,3178.50
187.032,3178.50
187.130,3178.50
187.232,3178.50
187.330,3178.50
187.421,3178.50
187.531,3178.50
187.631,3178.50
187.730,3178.50
187.830,3178.50
187.929,3178.50
188.030,3178.50
188.131,3178.50
188.231,3178.50
188.329,3178.50
188.432,3178.50
188.529,3178.50
188.631,3178.50
188.729,3178.50
188.829,3178.50
188.931,3178.50
189.031,3178.50
189.131,3178.50
189.232,3178.50
189.330,3178.50
189.431,3178.50
189.530,3178.50
189.631,3178.50
189.730,3178.50
189.830,3178.50
189.930,3178.50
190.030,3178.50
190.131,3178.50
190.228,3178.50
190.329,3178.50
190.431,3178.50
190.529,3178.50
190.631,3178.50
190.729,3178.50
190.830,3178.50
190.930,3178.50
191.032,3178.50
191.130,3178.50
191.231,3178.50
191.330,3178.50
191.432,3178.50
191.530,3178.50
191.631,3178.50
191.729,3178.50
191.830,3178.50
191.929,3178.50
192.032,3178.50
192.128,3178.50
192.231,3178.50
192.330,3178.50
192.430,3178.50
192.530,3210.77
192.629,3210.77
192.729,3210.77
192.829,3210.77
192.930,3178.50
193.022,3178.50
193.126,3178.50
193.229,3178.50
193.328,3178.50
193.431,3178.50
193.528,3178.50
193.630,3178.50
193.729,3178.50
193.829,3178.50
193.929,3178.50
194.029,3178.50
194.129,3178.50
194.230,3178.50
194.328,3178.50
194.430,3178.50
194.529,3178.50
194.630,3178.50
194.728,3178.50
194.829,3178.50
194.928,3178.50
195.029,3178.50
195.127,3178.50
195.231,3178.50
195.328,3178.50
195.432,3178.50
195.527,3178.50
195.630,3178.50
195.727,3178.50
195.828,3178.50
195.928,3178.50
196.018,3178.50
196.129,3178.50
196.229,3178.50
196.327,3178.50
196.427,3178.50
196.528,3178.50
196.629,3178.50
196.727,3178.50
196.828,3178.50
196.928,3178.50
197.028,3178.50
197.128,3178.50
197.227,3178.50
197.329,3178.50
197.429,3178.50
197.527,3178.50
197.628,3178.50
197.728,3178.50
197.827,3178.50
197.927,3178.50
198.027,3178.50
198.129,3178.50
198.229,3178.50
198.327,3178.50
198.428,3178.50
198.527,3178.50
198.628,3178.50
198.728,3178.50
198.828,3178.50
198.927,3178.50
199.028,3178.50
199.126,3178.50
199.228,3178.50
199.328,3178.50
199.428,3178.50
199.528,3178.50
199.628,3178.50
199.726,3178.50
199.827,3178.50
199.927,3178.50
200.029,3178.50
200.126,3178.50
200.228,3178.50
200.327,3178.50
200.426,3178.50
200.527,3178.50
200.627,3178.50
200.728,3178.50
200.826,3178.50
200.927,3178.50
201.028,3178.50
201.126,3178.50
201.228,3178.50
201.326,3178.50
201.429,3178.50
201.525,3178.50
201.628,3178.50
201.728,3178.50
201.826,3178.50
201.927,3178.50
202.026,3178.50
202.127,3178.50
202.226,3178.50
202.327,3178.50
202.426,3178.50
202.526,3178.50
202.626,3178.50
202.727,3178.50
202.827,3178.50
202.925,3178.50
203.028,3178.50
203.127,3178.50
203.229,3178.50
203.327,3178.50
203.426,3178.50
203.525,3178.50
203.626,3178.50
203.726,3178.50
203.825,3178.50
203.927,3178.50
204.019,3178.50
204.127,3178.50
204.229,3178.50
204.325,3178.50
204.427,3178.50
204.527,3178.50
204.625,3178.50
204.725,3178.50
204.825,3178.50
204.926,3178.50
205.029,3178.50
205.125,3178.50
205.227,3178.50
205.325,3178.50
205.427,3178.50
205.525,3178.50
205.626,3178.50
205.724,3178.50
205.825,3178.50
205.925,3178.50
206.028,3178.50
206.125,3178.50
206.227,3178.50
206.325,3178.50
206.427,3178.50
206.525,3178.50
206.625,3178.50
206.716,3178.50
206.827,3178.50
206.925,3178.50
207.025,3178.50
207.125,3178.50
207.226,3178.50
207.326,3178.50
207.422,3178.50
207.526,3178.50
207.626,3178.50
207.725,3178.50
207.827,3178.50
207.924,3178.50
208.026,3178.50
208.124,3178.50
208.225,3178.50
208.325,3178.50
208.426,3178.50
208.524,3178.50
208.623,3178.50
208.723,3178.50
208.827,3178.50
208.923,3178.50
209.027,3178.50
209.125,3178.50
209.225,3178.50
209.325,3178.50
209.426,3178.50
209.524,3178.50
209.629,3178.50
209.724,3178.50
209.823,3178.50
209.923,3178.50
210.027,3178.50
210.125,3178.50
210.215,3178.50
210.326,3178.50
210.426,3178.50
210.525,3178.50
210.627,3178.50
210.725,3178.50
210.824,3178.50
210.925,3178.50
211.025,3178.50
211.123,3178.50
211.228,3178.50
211.323,3178.50
211.426,3178.50
211.524,3178.50
211.624,3178.50
211.724,3178.50
211.824,3178.50
211.924,3178.50
212.024,3178.50
212.124,3178.50
212.227,3178.50
212.324,3178.50
212.424,3178.50
212.525,3178.50
212.624,3178.50
212.724,3178.50
212.825,3178.50
212.924,3178.50
213.027,3178.50
213.123,3178.50
213.224,3178.50
213.324,3178.50
213.426,3178.50
213.524,3178.50
213.627,3178.50
213.723,3178.50
213.825,3178.50
213.924,3178.50
214.025,3178.50
214.124,3178.50
214.224,3178.50
214.325,3178.50
214.424,3178.50
214.523,3178.50
214.625,3178.50
214.724,3178.50
214.824,3178.50
214.924,3178.50
215.024,3178.50
215.124,3178.50
215.224,3178.50
215.323,3178.50
215.425,3178.50
215.524,3178.50
215.627,3178.50
215.723,3178.50
215.824,3178.50
215.923,3178.50
216.027,3178.50
216.122,3178.50
216.224,3178.50
216.325,3178.50
216.426,3178.50
216.522,3178.50
216.626,3178.50
216.723,3178.50
216.823,3178.50
216.924,3178.50
217.025,3178.50
217.123,3178.50
217.225,3178.50
217.323,3178.50
217.413,3178.50
217.523,3178.50
217.622,3178.50
217.723,3178.50
217.828,3178.50
217.920,3178.50
218.023,3178.50
218.123,3178.50
218.224,3178.50
218.323,3178.50
218.424,3178.50
218.523,3178.50
218.623,3178.50
218.723,3178.50
218.821,3178.50
218.924,3178.50
219.026,3178.50
219.122,3178.50
219.224,3178.50
219.322,3178.50
219.426,3178.50
219.523,3178.50
219.623,3178.50
219.723,3178.50
219.824,3178.50
219.921,3178.50
220.023,3178.50
220.121,3178.50
220.226,3178.50
220.323,3178.50
220.423,3178.50
220.522,3178.50
220.624,3178.50
220.723,3178.50
220.822,3178.50
220.922,3178.50
221.025,3178.50
221.122,3178.50
221.226,3178.50
221.322,3178.50
221.422,3178.50
221.521,3178.50
221.625,3178.50
221.721,3178.50
221.822,3178.50
221.921,3178.50
222.025,3178.50
222.122,3178.50
222.222,3178.50
222.323,3178.50
222.422,3178.50
222.521,3178.50
222.623,3178.50
222.722,3178.50
222.822,3178.50
222.923,3178.50
223.017,3178.50
223.121,3178.50
223.222,3178.50
223.322,3178.50
223.423,3178.50
223.522,3178.50
223.625,3178.50
223.721,3178.50
223.823,3178.50
223.921,3178.50
224.022,3178.50
224.121,3178.50
224.222,3178.50
224.322,3178.50
224.422,3178.50
224.521,3178.50
224.625,3178.50
224.722,3178.50
224.822,3178.50
224.922,3178.50
225.023,3178.50
225.121,3178.50
225.224,3178.50
225.321,3178.50
225.421,3178.50
225.522,3178.50
225.626,3178.50
225.720,3178.50
225.820,3178.50
225.922,3178.50
226.021,3178.50
226.121,3178.50
226.222,3178.50
226.322,3178.50
226.421,3178.50
226.521,3178.50
226.623,3178.50
226.721,3178.50
226.820,3178.50
226.921,3178.50
227.021,3178.50
227.121,3178.50
227.225,3178.50
227.319,3178.50
227.418,3178.50
227.521,3178.50
227.621,3178.50
227.721,3178.50
227.821,3178.50
227.921,3178.50
228.021,3178.50
228.121,3178.50
228.222,3178.50
228.321,3178.50
228.420,3178.50
228.519,3178.50
228.621,3178.50
228.721,3178.50
228.820,3178.50
228.920,3178.50
229.020,3178.50
229.121,3178.50
229.222,3178.50
229.320,3178.50
229.420,3178.50
229.521,3178.50
229.623,3178.50
229.719,3178.50
229.820,3178.50
229.920,3178.50
230.020,3178.50
230.121,3178.50
230.220,3178.50
230.320,3178.50
230.422,3178.50
230.520,3178.50
230.623,3178.50
230.721,3178.50
230.819,3178.50
230.919,3178.50
231.020,3178.50
231.120,3178.50
231.221,3178.50
231.319,3178.50
231.420,3178.50
231.521,3178.50
231.623,3178.50
231.720,3178.50
231.820,3178.50
231.920,3178.50
232.022,3178.50
232.118,3178.50
232.223,3178.50
232.319,3178.50
232.422,3178.50
232.518,3178.50
232.624,3178.50
232.720,3178.50
232.819,3178.50
232.918,3178.50
233.021,3178.50
233.119,3178.50
233.220,3178.50
233.318,3178.50
233.420,3178.50
233.519,3178.50
233.623,3178.50
233.718,3178.50
233.818,3577.69
233.917,3233.61
234.019,3178.50
234.117,3178.50
234.219,3178.50
234.319,3178.50
234.418,3178.50
234.518,3178.50
234.618,3178.50
234.718,3178.50
234.819,3178.50
234.918,3178.50
235.019,3178.50
235.118,3178.50
235.218,3178.50
235.317,3178.50
235.418,3178.50
235.518,3178.50
235.618,3178.50
235.719,3178.50
235.817,3178.50
235.918,3178.50
236.019,3178.50
236.118,3178.50
236.223,3178.50
236.317,3178.50
236.421,3178.50
236.518,3178.50
236.619,3178.50
236.718,3178.50
236.818,3178.50
236.919,3178.50
237.020,3178.50
237.118,3178.50
237.222,3178.50
237.318,3178.50
237.418,3178.50
237.519,3178.50
237.620,3178.50
237.717,3178.50
237.819,3178.50
237.913,3178.50
238.020,3178.50
238.118,3178.50
238.218,3178.50
238.319,3178.50
238.419,3178.50
238.518,3178.50
238.618,3178.50
238.719,3178.50
238.817,3178.50
238.917,3178.50
239.020,3178.50
239.117,3178.50
239.217,3178.50
239.317,3178.50
239.415,3178.50
239.518,3178.50
239.622,3178.50
239.717,3178.50
239.817,3178.50
239.917,3178.50
240.018,3178.50
240.118,3178.50
240.219,3178.50
240.318,3178.50
240.408,3178.50
240.518,3178.50
240.619,3178.50
240.717,3178.50
240.816,3178.50
240.918,3178.50
241.017,3178.50
241.118,3178.50
241.217,3178.50
241.316,3178.50
241.416,3178.50
241.516,3178.50
241.616,3178.50
241.718,3178.50
241.816,3178.50
241.916,3178.50
242.018,3178.50
242.116,3178.50
242.219,3178.50
242.316,3178.50
242.418,3178.50
242.518,3178.50
242.617,3178.50
242.718,3178.50
242.816,3178.50
242.917,3178.50
243.018,3178.50
243.117,3178.50
243.218,3178.50
243.316,3178.50
243.416,3178.50
243.518,3178.50
243.620,3178.50
243.717,3178.50
243.816,3178.50
243.917,3178.50
244.017,3178.50
244.115,3178.50
244.218,3178.50
244.315,3178.50
244.416,3178.50
244.517,3178.50
244.618,3178.50
244.717,3178.50
244.816,3178.50
244.917,3178.50
245.018,3178.50
245.115,3178.50
245.217,3178.50
245.316,3178.50
245.421,3178.50
245.516,3178.50
245.618,3178.50
245.715,3178.50
245.815,3178.50
245.915,3178.50
246.019,3178.50
246.115,3178.50
246.217,3178.50
246.316,3178.50
246.420,3178.50
246.515,3178.50
246.616,3178.50
246.716,3178.50
246.816,3178.50
246.915,3178.50
247.016,3178.50
247.115,3178.50
247.216,3178.50
247.316,3178.50
247.416,3178.50
247.517,3178.50
247.620,3178.50
247.716,3178.50
247.815,3178.50
247.916,3178.50
248.019,3178.50
248.114,3178.50
248.217,3178.50
248.316,3178.50
248.419,3178.50
248.515,3178.50
248.616,3178.50
248.715,3178.50
248.815,3178.50
248.915,3178.50
249.016,3178.50
249.116,3178.50
249.216,3178.50
249.315,3178.50
249.418,3178.50
249.509,3178.50
249.618,3178.50
249.715,3178.50
249.816,3178.50
249.914,3178.50
250.016,3178.50
250.113,3178.50
250.220,3178.50
250.313,3178.50
250.416,3178.50
250.506,3178.50
250.611,3178.50
250.716,3178.50
250.805,3178.50
250.915,3178.50
251.003,3178.50
251.115,3178.50
251.206,3178.50
251.316,3178.50
251.411,3210.77
251.508,3178.50
251.610,3178.50
251.716,3178.50
251.811,3178.50
251.914,3178.50
252.002,3178.50
252.116,3178.50
252.214,3178.50
252.314,3178.50
252.413,3178.50
252.509,3178.50
252.610,3178.50
252.715,3178.50
252.806,3178.50
252.915,3178.50
253.002,3178.50
253.110,3178.50
253.213,3178.50
253.313,3178.50
253.406,3178.50
253.514,3178.50
253.603,3178.50
253.715,3178.50
253.804,3178.50
253.915,3178.50
254.002,3178.50
254.115,3178.50
254.209,3178.50
254.314,3178.50
254.411,3178.50
254.508,3178.50
254.612,3178.50
254.715,3178.50
254.804,3178.50
254.915,3178.50
255.002,3178.50
255.115,3178.50
255.209,3178.50
255.316,3178.50
255.410,3178.50
255.511,3178.50
255.610,3178.50
255.715,3178.50
255.811,3178.50
255.914,3178.50
256.002,3178.50
256.115,3178.50
256.211,3178.50
256.312,3178.50
256.405,3178.50
256.509,3178.50
256.613,3178.50
256.713,3178.50
256.809,3178.50
256.914,3178.50
257.001,3178.50
257.114,3178.50
257.212,3178.50
257.313,3178.50
257.412,3178.50
257.509,3178.50
257.612,3178.50
257.713,3178.50
257.813,3178.50
257.913,3178.50
258.001,3178.50
258.114,3178.50
258.211,3178.50
258.313,3178.50
258.410,3178.50
258.511,3178.50
258.609,3178.50
258.715,3178.50
258.809,3178.50
258.913,3178.50
259.002,3178.50
259.113,3178.50
259.211,3178.50
259.312,3178.50
259.401,3178.50
259.510,3178.50
259.610,3178.50
259.713,3178.50
259.810,3178.50
259.913,3178.50
260.006,3178.50
260.111,3178.50
260.215,3178.50
260.313,3178.50
260.404,3178.50
260.507,3178.50
260.612,3178.50
260.711,3178.50
260.810,3178.50
260.912,3178.50
261.003,3178.50
261.113,3178.50
261.205,3178.50
261.314,3178.50
261.409,3178.50
261.509,3178.50
261.609,3178.50
261.712,3178.50
261.807,3178.50
261.912,3178.50
262.005,3178.50
262.114,3178.50
262.207,3178.50
262.312,3178.50
262.401,3178.50
262.512,3178.50
262.608,3178.50
262.711,3178.50
262.806,3178.50
262.911,3178.50
262.999,3178.50
263.113,3178.50
263.211,3178.50
263.313,3178.50
263.409,3178.50
263.510,3178.50
263.605,3178.50
263.712,3178.50
263.808,3178.50
263.911,3178.50
264.001,3178.50
264.113,3178.50
264.211,3178.50
264.310,3178.50
264.406,3178.50
264.507,3178.50
264.609,3178.50
264.710,3178.50
264.810,3178.50
264.911,3178.50
265.003,3178.50
265.112,3178.50
265.207,3178.50
265.311,3178.50
265.410,3178.50
265.511,3178.50
265.607,3178.50
265.711,3178.50
265.809,3178.50
265.910,3178.50
265.999,3178.50
266.112,3178.50
266.208,3178.50
266.310,3178.50
266.410,3178.50
266.508,3178.50
266.602,3178.50
266.712,3178.50
266.807,3178.50
266.912,3178.50
266.997,3178.50
267.112,3178.50
267.201,3178.50
267.312,3178.50
267.409,3178.50
267.507,3178.50
267.605,3178.50
267.711,3178.50
267.809,3178.50
267.910,3178.50
268.000,3178.50
268.112,3178.50
268.211,3178.50
268.309,3178.50
268.408,3178.50
268.509,3178.50
268.608,3178.50
268.711,3178.50
268.807,3178.50
268.911,3178.50
268.996,3178.50
269.110,3178.50
269.210,3178.50
269.310,3178.50
269.406,3178.50
269.505,3178.50
269.610,3178.50
269.710,3178.50
269.809,3178.50
269.910,3178.50
270.000,3178.50
270.111,3178.50
270.204,3178.50
270.312,3178.50
270.406,3178.50
270.507,3178.50
270.598,3178.50
270.711,3178.50
270.798,3178.50
270.900,3178.50
271.003,3178.50
271.110,3178.50
271.209,3178.50
271.308,3178.50
271.410,3178.50
271.503,3178.50
271.610,3178.50
271.709,3178.50
271.803,3178.50
271.910,3178.50
271.999,3178.50
272.111,3178.50
272.208,3178.50
272.310,3178.50
272.406,3178.50
272.509,3178.50
272.609,3178.50
272.710,3178.50
272.804,3178.50
272.910,3178.50
272.996,3178.50
273.110,3178.50
273.209,3178.50
273.309,3178.50
273.410,3178.50
273.503,3178.50
273.602,3178.50
273.709,3178.50
273.808,3178.50
273.909,3178.50
273.999,3178.50
274.110,3178.50
274.210,3178.50
274.309,3178.50
274.408,3178.50
274.504,3178.50
274.608,3178.50
274.710,3178.50
274.806,3178.50
274.909,3178.50
274.999,3178.50
275.110,3178.50
275.210,3178.50
275.309,3178.50
275.401,3178.50
275.508,3178.50
275.604,3178.50
275.710,3178.50
275.803,3178.50
275.910,3178.50
275.996,3178.50
276.110,3178.50
276.209,3178.50
276.309,3178.50
276.405,3178.50
276.508,3178.50
276.600,3178.50
276.710,3178.50
276.800,3178.50
276.909,3178.50
276.997,3178.50
277.109,3178.50
277.209,3178.50
277.309,3178.50
277.398,3178.50
277.502,3178.50
277.610,3178.50
277.709,3178.50
277.803,3178.50
277.909,3178.50
278.002,3178.50
278.108,3178.50
278.210,3178.50
278.308,3178.50
278.406,3178.50
278.505,3178.50
278.601,3178.50
278.709,3178.50
278.804,3178.50
278.908,3178.50
278.997,3178.50
279.108,3178.50
279.210,3178.50
279.306,3178.50
279.401,3178.50
279.508,3178.50
279.607,3178.50
279.709,3178.50
279.805,3178.50
279.909,3178.50
279.999,3178.50
280.108,3178.50
280.208,3178.50
280.308,3178.50
280.409,3178.50
280.503,3178.50
280.606,3178.50
280.709,3178.50
280.804,3178.50
280.907,3178.50
280.999,3178.50
281.108,3178.50
281.209,3178.50
281.308,3178.50
281.401,3178.50
281.504,3178.50
281.596,3178.50
281.709,3178.50
281.803,3178.50
281.907,3178.50
282.000,3178.50
282.109,3178.50
282.202,3178.50
282.307,3178.50
282.403,3178.50
282.502,3178.50
282.604,3178.50
282.708,3178.50
282.797,3178.50
282.908,3178.50
282.995,3178.50
283.108,3178.50
283.203,3178.50
283.307,3178.50
283.409,3178.50
283.503,3178.50
283.605,3178.50
283.708,3178.50
283.805,3178.50
283.907,3178.50
284.001,3178.50
284.108,3178.50
284.209,3178.50
284.307,3178.50
284.397,3178.50
284.502,3178.50
284.605,3178.50
284.707,3178.50
284.802,3178.50
284.909,3178.50
284.996,3178.50
285.108,3178.50
285.204,3178.50
285.307,3178.50
285.402,3178.50
285.502,3178.50
285.607,3178.50
285.707,3178.50
285.794,3178.50
285.907,3178.50
285.998,3178.50
286.108,3178.50
286.206,3178.50
286.307,3178.50
286.404,3178.50
286.502,3178.50
286.606,3178.50
286.708,3178.50
286.803,3178.50
286.907,3178.50
286.995,3178.50
287.106,3178.50
287.208,3178.50
287.305,3178.50
287.406,3178.50
287.500,3178.50
287.602,3178.50
287.706,3178.50
287.802,3178.50
287.906,3178.50
287.997,3178.50
288.108,3178.50
288.203,3178.50
288.307,3178.50
288.404,3178.50
288.502,3178.50
288.605,3178.50
288.707,3178.50
288.801,3178.50
288.907,3178.50
288.996,3178.50
289.106,3178.50
289.207,3178.50
289.305,3178.50
289.401,3178.50
289.495,3178.50
289.603,3178.50
289.706,3178.50
289.803,3178.50
289.906,3178.50
289.995,3178.50
290.106,3178.50
290.207,3178.50
290.305,3178.50
290.404,3178.50
290.502,3178.50
290.603,3178.50
290.698,3178.50
290.799,3178.50
290.905,3178.50
290.995,3178.50
291.106,3178.50
291.205,3178.50
291.304,3178.50
291.406,3178.50
291.502,3178.50
291.604,3178.50
291.706,3178.50
291.796,3178.50
291.906,3178.50
291.992,3178.50
292.106,3178.50
292.204,3178.50
292.305,3178.50
292.405,3178.50
292.501,3178.50
292.606,3178.50
292.704,3178.50
292.799,3178.50
292.906,3178.50
292.990,3178.50
293.106,3178.50
293.195,3178.50
293.306,3178.50
293.404,3178.50
293.499,3178.50
293.603,3178.50
293.705,3178.50
293.791,3178.50
293.906,3178.50
293.994,3178.50
294.106,3178.50
294.197,3178.50
294.305,3178.50
294.401,3178.50
294.502,3178.50
294.603,3178.50
294.704,3178.50
294.801,3178.50
294.906,3178.50
294.996,3178.50
295.104,3178.50
295.207,3178.50
295.304,3178.50
295.396,3178.50
295.497,3178.50
295.601,3178.50
295.706,3178.50
295.796,3178.50
295.905,3178.50
295.991,3178.50
296.105,3178.50
296.203,3178.50
296.305,3178.50
296.404,3178.50
296.498,3178.50
296.600,3178.50
296.705,3178.50
296.800,3178.50
296.904,3178.50
296.993,3178.50
297.105,3178.50
297.203,3178.50
297.304,3178.50
297.393,3178.50
297.503,3178.50
297.599,3178.50
297.704,3178.50
297.801,3178.50
297.904,3178.50
297.991,3178.50
298.104,3178.50
298.204,3178.50
298.304,3178.50
298.405,3178.50
298.500,3178.50
298.600,3178.50
298.704,3178.50
298.799,3178.50
298.903,3178.50
298.997,3178.50
299.104,3178.50
299.192,3178.50
299.304,3178.50
299.400,3178.50
299.498,3178.50
299.603,3178.50
299.703,3178.50
299.796,3178.50
299.903,3178.50
299.991,3178.50
300.104,3178.50
300.205,3178.50
300.303,3178.50
300.405,3178.50
300.499,3178.50
300.597,3178.50
300.703,3178.50
300.800,3178.50
300.904,3178.50
300.992,3178.50
301.104,3178.50
301.202,3178.50
301.303,3178.50
301.402,3178.50
301.499,3178.50
301.600,3178.50
301.703,3178.50
301.792,3178.50
301.904,3178.50
301.989,3178.50
302.103,3178.50
302.207,3178.50
302.302,3178.50
302.400,3178.50
302.494,3178.50
302.603,3178.50
302.701,3178.50
302.796,3178.50
302.903,3178.50
302.990,3178.50
303.102,3178.50
303.207,3178.50
303.302,3178.50
303.404,3178.50
303.501,3178.50
303.597,3178.50
303.703,3178.50
303.799,3178.50
303.903,3178.50
303.990,3178.50
304.103,3178.50
304.201,3178.50
304.301,3178.50
304.400,3178.50
304.497,3178.50
304.601,3178.50
304.702,3178.50
304.801,3178.50
304.903,3178.50
304.989,3178.50
305.103,3178.50
305.197,3178.50
305.303,3178.50
305.401,3178.50
305.497,3178.50
305.602,3178.50
305.703,3178.50
305.797,3178.50
305.903,3178.50
305.990,3178.50
306.103,3178.50
306.200,3178.50
306.302,3178.50
306.400,3178.50
306.499,3178.50
306.602,3178.50
306.703,3178.50
306.797,3178.50
306.902,3178.50
306.992,3178.50
307.103,3178.50
307.202,3178.50
307.302,3178.50
307.400,3178.50
307.497,3178.50
307.602,3178.50
307.702,3178.50
307.800,3178.50
307.902,3178.50
307.988,3178.50
308.103,3178.50
308.203,3178.50
308.301,3178.50
308.400,3178.50
308.496,3178.50
308.600,3178.50
308.702,3178.50
308.797,3178.50
308.901,3178.50
308.991,3178.50
309.102,3178.50
309.198,3178.50
309.302,3178.50
309.400,3178.50
309.498,3178.50
309.599,3178.50
309.701,3178.50
309.796,3178.50
309.902,3178.50
309.993,3178.50
310.102,3178.50
310.193,3178.50
310.301,3178.50
310.397,3178.50
310.496,3178.50
310.598,3178.50
310.701,3178.50
310.797,3178.50
310.902,3178.50
310.987,3178.50
311.101,3178.50
311.201,3178.50
311.298,3178.50
311.402,3178.50
311.497,3178.50
311.600,3178.50
311.701,3178.50
311.798,3178.50
311.900,3178.50
311.990,3178.50
312.101,3178.50
312.199,3178.50
312.302,3178.50
312.397,3178.50
312.490,3178.50
312.601,3178.50
312.701,3178.50
312.793,3178.50
312.900,3178.50
312.988,3178.50
313.101,3178.50
313.201,3178.50
313.298,3178.50
313.397,3178.50
313.497,3178.50
313.600,3178.50
313.696,3178.50
313.798,3178.50
313.902,3178.50
313.988,3178.50
314.101,3178.50
314.188,3178.50
314.299,3178.50
314.397,3178.50
314.496,3178.50
314.601,3178.50
314.700,3178.50
314.785,3178.50
314.900,3178.50
314.988,3178.50
315.100,3178.50
315.196,3178.50
315.301,3178.50
315.398,3178.50
315.497,3178.50
315.588,3178.50
315.701,3178.50
315.791,3178.50
315.900,3178.50
315.988,3178.50
316.099,3178.50
316.201,3178.50
316.298,3178.50
316.386,3178.50
316.497,3178.50
316.601,3178.50
316.700,3178.50
316.795,3178.50
316.900,3178.50
316.987,3178.50
317.100,3178.50
317.202,3178.50
317.299,3178.50
317.389,3178.50
317.497,3178.50
317.599,3178.50
317.700,3178.50
317.794,3178.50
317.899,3178.50
317.986,3178.50
318.100,3178.50
318.201,3178.50
318.299,3178.50
318.386,3178.50
318.498,3178.50
318.596,3178.50
318.700,3178.50
318.793,3178.50
318.898,3178.50
318.986,3178.50
319.100,3178.50
319.192,3178.50
319.298,3178.50
319.393,3178.50
319.500,3178.50
319.599,3178.50
319.688,3178.50
319.794,3178.50
319.898,3178.50
319.985,3178.50
320.100,3178.50
320.185,3178.50
320.298,3178.50
320.387,3178.50
320.495,3178.50
320.600,3178.50
320.699,3178.50
320.793,3178.50
320.888,3178.50
320.990,3178.50
321.099,3178.50
321.192,3178.50
321.299,3178.50
321.396,3178.50
321.495,3178.50
321.595,3178.50
321.699,3178.50
321.798,3178.50
321.898,3178.50
321.985,3210.77
322.099,3210.77
322.195,3178.50
322.295,3210.77
322.393,3178.50
322.494,3178.50
322.599,3178.50
322.697,3178.50
322.792,3178.50
322.896,3178.50
322.984,3178.50
323.098,3178.50
323.198,3178.50
323.296,3178.50
323.392,3178.50
323.494,3178.50
323.598,3178.50
323.697,3178.50
323.790,3178.50
323.898,3178.50
323.984,3178.50
324.098,3178.50
324.197,3178.50
324.297,3178.50
324.387,3178.50
324.494,3178.50
324.584,3178.50
324.699,3178.50
324.790,3178.50
324.898,3178.50
324.986,3178.50
325.099,3178.50
325.198,3178.50
325.296,3178.50
325.392,3178.50
325.493,3178.50
325.588,3178.50
325.698,3178.50
325.793,3178.50
325.896,3178.50
325.987,3178.50
326.098,3178.50
326.197,3178.50
326.295,3178.50
326.393,3178.50
326.496,3178.50
326.595,3178.50
326.696,3178.50
326.788,3178.50
326.898,3178.50
326.982,3178.50
327.098,3178.50
327.200,3178.50
327.295,3178.50
327.398,3178.50
327.490,3178.50
327.595,3178.50
327.697,3178.50
327.790,3178.50
327.898,3178.50
327.983,3178.50
328.098,3178.50
328.198,3178.50
328.295,3178.50
328.388,3178.50
328.490,3178.50
328.596,3178.50
328.696,3178.50
328.794,3178.50
328.895,3178.50
328.984,3178.50
329.098,3178.50
329.190,3178.50
329.295,3178.50
329.390,3178.50
329.492,3178.50
329.590,3178.50
329.696,3178.50
329.793,3178.50
329.894,3178.50
329.984,3178.50
330.098,3178.50
330.197,3178.50
330.295,3178.50
330.394,3178.50
330.488,3178.50
330.598,3178.50
330.695,3178.50
330.792,3178.50
330.896,3178.50
330.987,3178.50
331.097,3178.50
331.193,3178.50
331.295,3178.50
331.398,3178.50
331.488,3178.50
331.595,3178.50
331.696,3178.50
331.781,3178.50
331.896,3178.50
331.984,3178.50
332.096,3178.50
332.195,3178.50
332.295,3178.50
332.387,3178.50
332.489,3178.50
332.593,3178.50
332.695,3178.50
332.793,3178.50
332.895,3178.50
332.983,3178.50
333.096,3178.50
333.188,3178.50
333.296,3178.50
333.394,3178.50
333.488,3178.50
333.591,3178.50
333.695,3178.50
333.792,3178.50
333.894,3178.50
333.982,3178.50
334.096,3178.50
334.189,3178.50
334.296,3178.50
334.393,3178.50
334.491,3178.50
334.597,3178.50
334.695,3178.50
334.784,3178.50
334.896,3178.50
334.982,3178.50
335.096,3178.50
335.194,3178.50
335.294,3178.50
335.395,3178.50
335.489,3178.50
335.595,3178.50
335.694,3178.50
335.792,3178.50
335.893,3178.50
335.981,3178.50
336.095,3178.50
336.195,3178.50
336.292,3178.50
336.392,3178.50
336.487,3178.50
336.590,3178.50
336.695,3178.50
336.785,3178.50
336.895,3178.50
336.982,3178.50
337.095,3178.50
337.193,3178.50
337.293,3178.50
337.392,3178.50
337.486,3178.50
337.590,3178.50
337.694,3178.50
337.792,3178.50
337.892,3178.50
337.982,3178.50
338.094,3178.50
338.195,3178.50
338.293,3178.50
338.394,3178.50
338.494,3178.50
338.593,3178.50
338.692,3178.50
338.796,3178.50
338.893,3178.50
338.995,3178.50
339.094,3178.50
339.193,3178.50
339.293,3178.50
339.394,3178.50
339.491,3178.50
339.593,3178.50
339.692,3178.50
339.794,3178.50
339.893,3178.50
339.995,3178.50
340.094,3178.50
340.194,3178.50
340.293,3178.50
340.393,3178.50
340.491,3178.50
340.594,3178.50
340.692,3178.50
340.792,3178.50
340.893,3178.50
340.994,3178.50
341.091,3178.50
341.193,3178.50
341.291,3178.50
341.395,3178.50
341.493,3178.50
341.592,3178.50
341.694,3178.50
341.792,3178.50
341.891,3178.50
341.993,3178.50
342.092,3178.50
342.192,3178.50
342.293,3178.50
342.392,3178.50
342.494,3178.50
342.593,3178.50
342.692,3178.50
342.793,3178.50
342.892,3178.50
342.994,3178.50
343.092,3178.50
343.193,3178.50
343.292,3178.50
343.396,3178.50
343.492,3178.50
343.594,3178.50
343.693,3178.50
343.792,3178.50
343.893,3178.50
343.992,3178.50
344.093,3178.50
344.192,3178.50
344.294,3178.50
344.393,3178.50
344.493,3178.50
344.593,3178.50
344.692,3178.50
344.792,3178.50
344.892,3178.50
344.992,3178.50
345.092,3178.50
345.193,3178.50
345.292,3178.50
345.393,3178.50
345.493,3178.50
345.591,3178.50
345.693,3178.50
345.792,3178.50
345.893,3178.50
345.981,3178.50
346.092,3178.50
346.193,3178.50
346.291,3178.50
346.393,3178.50
346.491,3178.50
346.593,3178.50
346.692,3178.50
346.792,3178.50
346.892,3178.50
346.992,3178.50
347.091,3178.50
347.192,3178.50
347.292,3178.50
347.392,3178.50
347.492,3178.50
347.592,3178.50
347.691,3178.50
347.792,3178.50
347.892,3178.50
347.991,3178.50
348.091,3178.50
348.192,3178.50
348.292,3178.50
348.392,3178.50
348.491,3178.50
348.591,3178.50
348.692,3178.50
348.793,3178.50
348.893,3178.50
348.991,3178.50
349.091,3178.50
349.192,3178.50
349.292,3178.50
349.391,3178.50
349.490,3178.50
349.591,3178.50
349.691,3178.50
349.792,3178.50
349.890,3178.50
349.991,3178.50
350.090,3178.50
350.191,3178.50
350.292,3178.50
350.392,3178.50
350.490,3178.50
350.589,3178.50
350.693,3178.50
350.791,3178.50
350.889,3178.50
350.992,3178.50
351.081,3178.50
351.192,3178.50
351.290,3178.50
351.391,3178.50
351.490,3178.50
351.591,3178.50
351.691,3178.50
351.790,3178.50
351.891,3178.50
351.991,3178.50
352.092,3178.50
352.191,3178.50
352.290,3178.50
352.392,3178.50
352.490,3178.50
352.590,3178.50
352.690,3178.50
352.791,3178.50
352.889,3178.50
352.991,3178.50
353.090,3178.50
353.191,3178.50
353.289,3178.50
353.391,3178.50
353.489,3178.50
353.591,3178.50
353.690,3178.50
353.791,3178.50
353.890,3178.50
353.990,3178.50
354.090,3178.50
354.191,3178.50
354.290,3178.50
354.391,3178.50
354.491,3178.50
354.589,3178.50
354.689,3178.50
354.791,3178.50
354.890,3178.50
354.992,3178.50
355.089,3178.50
355.189,3178.50
355.290,3178.50
355.391,3178.50
355.490,3178.50
355.590,3178.50
355.691,3178.50
355.789,3178.50
355.890,3178.50
355.991,3178.50
356.089,3178.50
356.190,3178.50
356.288,3178.50
356.390,3178.50
356.490,3178.50
356.580,3178.50
356.691,3178.50
356.790,3178.50
356.890,3178.50
356.989,3178.50
357.089,3178.50
357.187,3178.50
357.288,3178.50
357.384,3178.50
357.488,3178.50
357.583,3178.50
357.691,3178.50
357.791,3178.50
357.889,3178.50
357.990,3178.50
358.089,3178.50
358.190,3178.50
358.289,3178.50
358.390,3178.50
358.488,3178.50
358.590,3178.50
358.689,3178.50
358.788,3178.50
358.890,3178.50
358.990,3178.50
359.089,3178.50
359.190,3178.50
359.288,3178.50
359.390,3178.50
359.489,3178.50
359.591,3178.50
359.688,3178.50
359.788,3178.50
359.889,3178.50
359.992,3178.50
360.088,3178.50
360.190,3178.50
360.289,3178.50
360.389,3178.50
360.489,3178.50
360.590,3178.50
360.688,3178.50
360.788,3178.50
360.888,3178.50
360.990,3178.50
361.088,3178.50
361.189,3178.50
361.288,3178.50
361.390,3178.50
361.489,3178.50
361.588,3178.50
361.688,3178.50
361.789,3178.50
361.888,3178.50
361.990,3178.50
362.088,3178.50
362.190,3178.50
362.287,3178.50
362.390,3178.50
362.486,3178.50
362.589,3178.50
362.689,3178.50
362.788,3178.50
362.887,3178.50
362.989,3178.50
363.087,3178.50
363.189,3178.50
363.287,3178.50
363.388,3178.50
363.487,3178.50
363.590,3178.50
363.687,3178.50
363.790,3178.50
363.885,3178.50
363.989,3178.50
364.088,3178.50
364.189,3178.50
364.288,3178.50
364.389,3178.50
364.486,3178.50
364.587,3178.50
364.688,3178.50
364.787,3178.50
364.888,3178.50
364.990,3178.50
365.086,3178.50
365.188,3178.50
365.287,3178.50
365.388,3178.50
365.487,3178.50
365.589,3178.50
365.686,3178.50
365.788,3178.50
365.889,3178.50
365.988,3178.50
366.088,3178.50
366.188,3178.50
366.287,3178.50
366.389,3178.50
366.488,3178.50
366.587,3178.50
366.686,3178.50
366.788,3178.50
366.888,3178.50
366.988,3178.50
367.088,3178.50
367.189,3178.50
367.287,3178.50
367.388,3178.50
367.487,3178.50
367.588,3178.50
367.684,3178.50
367.787,3178.50
367.887,3178.50
367.989,3178.50
368.087,3178.50
368.187,3178.50
368.287,3178.50
368.389,3178.50
368.485,3178.50
368.587,3178.50
368.686,3178.50
368.787,3178.50
368.885,3178.50
368.987,3178.50
369.086,3178.50
369.188,3178.50
369.286,3178.50
369.388,3178.50
369.488,3178.50
369.587,3178.50
369.688,3178.50
369.788,3178.50
369.887,3178.50
369.988,3178.50
370.085,3178.50
370.187,3178.50
370.285,3178.50
370.388,3178.50
370.487,3178.50
370.587,3178.50
370.685,3178.50
370.786,3178.50
370.885,3178.50
370.988,3178.50
371.085,3178.50
371.188,3178.50
371.286,3178.50
371.386,3178.50
371.487,3178.50
371.587,3178.50
371.685,3178.50
371.785,3178.50
371.885,3178.50
371.989,3178.50
372.086,3178.50
372.187,3178.50
372.284,3178.50
372.388,3178.50
372.484,3178.50
372.588,3178.50
372.685,3178.50
372.787,3178.50
372.886,3178.50
372.987,3178.50
373.085,3178.50
373.187,3178.50
373.285,3178.50
373.386,3178.50
373.484,3178.50
373.589,3178.50
373.682,3178.50
373.787,3178.50
373.885,3178.50
373.988,3178.50
374.084,3178.50
374.188,3178.50
374.285,3178.50
374.388,3178.50
374.485,3178.50
374.587,3178.50
374.685,3178.50
374.786,3178.50
374.885,3178.50
374.986,3178.50
375.084,3178.50
375.187,3178.50
375.284,3178.50
375.387,3178.50
375.484,3178.50
375.586,3178.50
375.684,3178.50
375.784,3178.50
375.885,3178.50
375.985,3178.50
376.084,3178.50
376.188,3178.50
376.284,3178.50
376.386,3178.50
376.484,3178.50
376.586,3178.50
376.685,3178.50
376.785,3178.50
376.885,3178.50
376.988,3178.50
377.084,3178.50
377.186,3178.50
377.283,3178.50
377.387,3178.50
377.481,3178.50
377.585,3178.50
377.684,3178.50
377.783,3178.50
377.886,3178.50
377.975,3178.50
378.086,3178.50
378.186,3178.50
378.285,3178.50
378.384,3178.50
378.484,3178.50
378.587,3178.50
378.683,3178.50
378.784,3178.50
378.885,3178.50
378.986,3178.50
379.086,3178.50
379.185,3178.50
379.284,3178.50
379.384,3178.50
379.484,3178.50
379.586,3178.50
379.683,3178.50
379.784,3178.50
379.884,3178.50
379.986,3178.50
380.083,3178.50
380.185,3178.50
380.283,3178.50
380.388,3178.50
380.484,3178.50
380.588,3178.50
380.683,3178.50
380.784,3178.50
380.884,3178.50
380.984,3178.50
381.083,3178.50
381.185,3178.50
381.274,3178.50
381.386,3178.50
381.483,3178.50
381.583,3178.50
381.683,3178.50
381.784,3178.50
381.883,3178.50
381.984,3178.50
382.084,3178.50
382.183,3178.50
382.282,3178.50
382.387,3178.50
382.483,3178.50
382.585,3178.50
382.683,3178.50
382.784,3178.50
382.884,3178.50
382.984,3178.50
383.083,3178.50
383.183,3178.50
383.282,3178.50
383.387,3178.50
383.482,3178.50
383.585,3178.50
383.683,3178.50
383.782,3178.50
383.882,3178.50
383.987,3178.50
384.083,3178.50
384.183,3178.50
384.283,3178.50
384.385,3178.50
384.482,3178.50
384.584,3178.50
384.683,3178.50
384.783,3178.50
384.882,3178.50
384.985,3178.50
385.082,3178.50
385.183,3178.50
385.282,3178.50
385.387,3178.50
385.482,3178.50
385.585,3178.50
385.673,3178.50
385.775,3178.50
385.885,3178.50
385.979,3178.50
386.084,3178.50
386.184,3178.50
386.275,3178.50
386.383,3178.50
386.482,3178.50
386.582,3178.50
386.683,3178.50
386.782,3178.50
386.883,3178.50
386.986,3178.50
387.082,3178.50
387.184,3178.50
387.282,3178.50
387.382,3178.50
387.483,3178.50
387.583,3178.50
387.683,3178.50
387.782,3178.50
387.883,3178.50
387.983,3178.50
388.080,3178.50
388.183,3178.50
388.281,3178.50
388.382,3178.50
388.481,3178.50
388.585,3178.50
388.676,3178.50
388.783,3178.50
388.881,3178.50
388.982,3178.50
389.083,3178.50
389.185,3178.50
389.282,3178.50
389.385,3178.50
389.479,3178.50
389.584,3178.50
389.681,3178.50
389.781,3178.50
389.881,3178.50
389.984,3178.50
390.081,3178.50
390.181,3178.50
390.281,3178.50
390.381,3178.50
390.483,3178.50
390.583,3178.50
390.682,3178.50
390.781,3178.50
390.881,3178.50
390.985,3178.50
391.080,3178.50
391.183,3178.50
391.280,3178.50
391.385,3178.50
391.480,3178.50
391.582,3178.50
391.680,3178.50
391.781,3178.50
391.882,3178.50
391.983,3178.50
392.080,3178.50
392.183,3178.50
392.280,3178.50
392.382,3178.50
392.482,3178.50
392.582,3178.50
392.682,3178.50
392.780,3178.50
392.881,3178.50
392.984,3178.50
393.079,3178.50
393.181,3178.50
393.280,3178.50
393.381,3178.50
393.479,3178.50
393.582,3178.50
393.679,3178.50
393.779,3178.50
393.880,3178.50
393.985,3178.50
394.081,3178.50
394.185,3178.50
394.280,3178.50
394.381,3178.50
394.481,3178.50
394.583,3178.50
394.681,3178.50
394.780,3178.50
394.880,3178.50
394.981,3178.50
395.080,3178.50
395.184,3178.50
395.281,3178.50
395.381,3178.50
395.481,3178.50
395.581,3178.50
395.680,3178.50
395.780,3178.50
395.877,3178.50
395.981,3178.50
396.081,3178.50
396.181,3178.50
396.280,3178.50
396.381,3178.50
396.481,3178.50
396.583,3178.50
396.677,3178.50
396.781,3178.50
396.879,3178.50
396.981,3178.50
397.080,3178.50
397.185,3178.50
397.279,3178.50
397.380,3178.50
397.480,3178.50
397.582,3178.50
397.679,3178.50
397.779,3178.50
397.880,3178.50
397.985,3178.50
398.081,3178.50
398.179,3178.50
398.279,3178.50
398.381,3178.50
398.478,3178.50
398.581,3178.50
398.679,3178.50
398.780,3178.50
398.879,3178.50
398.983,3178.50
399.079,3178.50
399.181,3178.50
399.279,3178.50
399.370,3178.50
399.480,3178.50
399.584,3178.50
399.679,3178.50
399.779,3178.50
399.881,3178.50
399.980,3178.50
400.080,3178.50
400.179,3178.50
400.280,3178.50
400.383,3178.50
400.479,3178.50
400.579,3178.50
400.680,3178.50
400.780,3178.50
400.879,3178.50
400.980,3178.50
401.079,3178.50
401.181,3178.50
401.279,3178.50
401.378,3178.50
401.481,3178.50
401.580,3178.50
401.679,3178.50
401.779,3178.50
401.880,3178.50
401.979,3178.50
402.079,3178.50
402.178,3178.50
402.280,3178.50
402.380,3178.50
402.478,3178.50
402.579,3178.50
402.678,3178.50
402.779,3178.50
402.879,3178.50
402.967,3178.50
403.074,3178.50
403.179,3178.50
403.279,3178.50
403.379,3178.50
403.478,3178.50
403.581,3178.50
403.678,3178.50
403.779,3178.50
403.880,3178.50
403.982,3178.50
404.078,3178.50
404.178,3178.50
404.278,3178.50
404.378,3178.50
404.478,3178.50
404.580,3178.50
404.677,3178.50
404.778,3178.50
404.878,3178.50
404.978,3178.50
405.078,3178.50
405.179,3178.50
405.277,3178.50
405.380,3178.50
405.477,3178.50
405.578,3178.50
405.678,3178.50
405.778,3178.50
405.878,3178.50
405.979,3178.50
406.078,3178.50
406.178,3178.50
406.278,3178.50
406.380,3178.50
406.468,3178.50
406.582,3178.50
406.677,3178.50
406.776,3178.50
406.879,3178.50
406.982,3178.50
407.079,3178.50
407.179,3178.50
407.276,3178.50
407.381,3178.50
407.477,3178.50
407.578,3178.50
407.677,3178.50
407.776,3178.50
407.877,3178.50
407.978,3178.50
408.076,3178.50
408.180,3178.50
408.277,3178.50
408.377,3178.50
408.478,3178.50
408.577,3178.50
408.675,3178.50
408.776,3178.50
408.877,3178.50
408.981,3178.50
409.077,3178.50
409.179,3178.50
409.276,3178.50
409.377,3178.50
409.476,3178.50
409.577,3178.50
409.678,3178.50
409.776,3178.50
409.878,3178.50
409.977,3178.50
410.078,3178.50
410.179,3178.50
410.277,3178.50
410.377,3178.50
410.476,3178.50
410.577,3178.50
410.675,3178.50
410.777,3178.50
410.877,3178.50
410.978,3178.50
411.075,3178.50
411.181,3178.50
411.275,3178.50
411.376,3178.50
411.467,3178.50
411.578,3178.50
411.677,3178.50
411.777,3178.50
411.875,3178.50
411.978,3178.50
412.077,3178.50
412.181,3178.50
412.275,3178.50
412.381,3178.50
412.476,3178.50
412.576,3178.50
412.676,3178.50
412.777,3178.50
412.876,3178.50
412.977,3178.50
413.076,3178.50
413.176,3178.50
413.275,3178.50
413.376,3178.50
413.475,3178.50
413.577,3178.50
413.676,3178.50
413.776,3178.50
413.876,3178.50
413.977,3178.50
414.075,3178.50
414.181,3178.50
414.274,3178.50
414.381,3178.50
414.477,3178.50
414.575,3178.50
414.676,3178.50
414.776,3178.50
414.875,3178.50
414.978,3178.50
415.075,3178.50
415.177,3178.50
415.275,3178.50
415.376,3178.50
415.476,3178.50
415.576,3178.50
415.676,3178.50
415.777,3178.50
415.875,3178.50
415.978,3178.50
416.074,3178.50
416.176,3178.50
416.275,3178.50
416.377,3178.50
416.476,3178.50
416.574,3178.50
416.677,3178.50
416.765,3178.50
416.872,3178.50
416.977,3178.50
417.074,3178.50
417.174,3178.50
417.274,3178.50
417.369,3178.50
417.475,3178.50
417.576,3178.50
417.677,3178.50
417.775,3178.50
417.877,3178.50
417.975,3178.50
418.076,3178.50
418.175,3178.50
418.275,3178.50
418.378,3178.50
418.474,3178.50
418.575,3178.50
418.675,3178.50
418.776,3178.50
418.875,3178.50
418.975,3178.50
419.075,3178.50
419.176,3178.50
419.274,3178.50
419.378,3178.50
419.475,3178.50
419.576,3178.50
419.675,3178.50
419.775,3178.50
419.875,3178.50
419.977,3178.50
420.073,3178.50
420.175,3178.50
420.275,3178.50
420.370,3178.50
420.475,3178.50
420.577,3178.50
420.674,3178.50
420.774,3178.50
420.873,3178.50
420.975,3178.50
421.074,3178.50
421.175,3178.50
421.274,3178.50
421.374,3178.50
421.476,3178.50
421.575,3178.50
421.675,3178.50
421.774,3178.50
421.874,3178.50
421.979,3178.50
422.074,3178.50
422.175,3178.50
422.273,3178.50
422.375,3178.50
422.473,3178.50
422.575,3178.50
422.675,3178.50
422.775,3178.50
422.873,3178.50
422.975,3178.50
423.069,3178.50
423.164,3178.50
423.271,3178.50
423.375,3178.50
423.472,3178.50
423.575,3178.50
423.673,3178.50
423.776,3178.50
423.873,3178.50
423.975,3178.50
424.073,3178.50
424.174,3178.50
424.274,3178.50
424.372,3178.50
424.473,3178.50
424.577,3178.50
424.672,3178.50
424.773,3178.50
424.873,3178.50
424.978,3178.50
425.072,3178.50
425.175,3178.50
425.272,3178.50
425.374,3178.50
425.472,3178.50
425.574,3178.50
425.672,3178.50
425.772,3178.50
425.872,3178.50
425.975,3178.50
426.071,3178.50
426.173,3178.50
426.273,3178.50
426.374,3178.50
426.473,3178.50
426.573,3178.50
426.672,3178.50
426.774,3178.50
426.872,3178.50
426.975,3178.50
427.073,3178.50
427.175,3178.50
427.271,3178.50
427.369,3178.50
427.473,3178.50
427.573,3178.50
427.672,3178.50
427.773,3178.50
427.872,3178.50
427.974,3178.50
428.074,3178.50
428.172,3178.50
428.272,3178.50
428.372,3178.50
428.473,3178.50
428.572,3178.50
428.672,3178.50
428.771,3178.50
428.871,3178.50
428.974,3178.50
429.072,3178.50
429.173,3178.50
429.273,3178.50
429.369,3178.50
429.470,3178.50
429.571,3178.50
429.673,3178.50
429.770,3178.50
429.873,3178.50
429.963,3178.50
430.074,3178.50
430.168,3178.50
430.273,3178.50
430.370,3178.50
430.467,3178.50
430.569,3178.50
430.673,3178.50
430.763,3178.50
430.872,3178.50
430.961,3178.50
431.073,3178.50
431.169,3178.50
431.271,3178.50
431.372,3178.50
431.466,3178.50
431.561,3178.50
431.673,3178.50
431.767,3178.50
431.872,3178.50
431.964,3178.50
432.072,3178.50
432.161,3178.50
432.273,3178.50
432.367,3178.50
432.467,3178.50
432.568,3178.50
432.673,3178.50
432.762,3178.50
432.872,3178.50
432.959,3178.50
433.072,3178.50
433.169,3178.50
433.267,3178.50
433.371,3178.50
433.465,3178.50
433.568,3178.50
433.661,3178.50
433.770,3178.50
433.872,3178.50
433.962,3178.50
434.072,3178.50
434.170,3178.50
434.271,3178.50
434.363,3178.50
434.470,3178.50
434.565,3178.50
434.672,3178.50
434.768,3178.50
434.871,3178.50
434.959,3178.50
435.071,3178.50
435.169,3178.50
435.269,3178.50
435.366,3178.50
435.468,3178.50
435.567,3178.50
435.672,3178.50
435.759,3178.50
435.872,3178.50
435.958,3178.50
436.072,3178.50
436.165,3178.50
436.271,3178.50
436.364,3178.50
436.465,3178.50
436.568,3178.50
436.672,3178.50
436.766,3178.50
436.870,3178.50
436.957,3178.50
437.071,3178.50
437.164,3178.50
437.271,3178.50
437.357,3178.50
437.465,3178.50
437.566,3178.50
437.670,3178.50
437.770,3178.50
437.869,3178.50
437.960,3178.50
438.071,3178.50
438.167,3178.50
438.271,3178.50
438.368,3178.50
438.464,3178.50
438.569,3178.50
438.669,3178.50
438.768,3178.50
438.871,3178.50
438.960,3178.50
439.071,3178.50
439.165,3178.50
439.270,3178.50
439.368,3178.50
439.463,3178.50
439.570,3178.50
439.669,3178.50
439.766,3178.50
439.869,3178.50
439.959,3178.50
440.071,3178.50
440.167,3178.50
440.270,3178.50
440.359,3178.50
440.463,3178.50
440.568,3178.50
440.671,3178.50
440.768,3178.50
440.870,3178.50
440.963,3178.50
441.071,3178.50
441.168,3178.50
441.269,3178.50
441.363,3178.50
441.470,3178.50
441.569,3178.50
441.667,3178.50
441.768,3178.50
441.870,3178.50
441.958,3178.50
442.070,3178.50
442.162,3178.50
442.269,3178.50
442.367,3178.50
442.463,3178.50
442.563,3178.50
442.669,3178.50
442.765,3178.50
442.869,3178.50
442.956,3178.50
443.070,3178.50
443.167,3178.50
443.268,3178.50
443.366,3178.50
443.464,3178.50
443.569,3178.50
443.668,3178.50
443.761,3178.50
443.870,3178.50
443.958,3178.50
444.068,3178.50
444.166,3178.50
444.269,3178.50
444.365,3178.50
444.463,3178.50
444.569,3178.50
444.668,3178.50
444.767,3178.50
444.867,3178.50
444.957,3178.50
445.069,3178.50
445.167,3178.50
445.269,3178.50
445.368,3178.50
445.462,3178.50
445.564,3178.50
445.668,3178.50
445.763,3178.50
445.867,3178.50
445.957,3178.50
446.070,3178.50
446.168,3178.50
446.268,3178.50
446.366,3178.50
446.462,3178.50
446.563,3178.50
446.668,3178.50
446.765,3178.50
446.868,3178.50
446.954,3178.50
447.069,3178.50
447.165,3178.50
447.268,3178.50
447.365,3178.50
447.461,3178.50
447.562,3178.50
447.669,3178.50
447.763,3178.50
447.868,3178.50
447.957,3178.50
448.068,3178.50
448.168,3178.50
448.268,3178.50
448.363,3178.50
448.466,3178.50
448.566,3178.50
448.668,3178.50
448.765,3178.50
448.868,3178.50
448.956,3178.50
449.070,3178.50
449.163,3178.50
449.268,3178.50
449.360,3178.50
449.460,3178.50
449.569,3178.50
449.666,3178.50
449.759,3178.50
449.869,3178.50
449.955,3178.50
450.067,3178.50
450.164,3178.50
450.268,3178.50
450.367,3178.50
450.462,3178.50
450.566,3178.50
450.666,3178.50
450.766,3178.50
450.867,3178.50
450.959,3178.50
451.067,3178.50
451.165,3178.50
451.268,3178.50
451.364,3178.50
451.461,3178.50
451.568,3178.50
451.669,3178.50
451.764,3178.50
451.867,3178.50
451.955,3178.50
452.068,3178.50
452.166,3178.50
452.267,3178.50
452.368,3178.50
452.461,3178.50
452.565,3178.50
452.668,3178.50
452.760,3178.50
452.856,3178.50
452.960,3178.50
453.067,3178.50
453.167,3178.50
453.266,3178.50
453.360,3178.50
453.461,3178.50
453.565,3178.50
453.667,3178.50
453.763,3178.50
453.866,3178.50
453.953,3178.50
454.067,3178.50
454.165,3178.50
454.267,3178.50
454.364,3178.50
454.465,3178.50
454.564,3178.50
454.667,3178.50
454.763,3178.50
454.867,3178.50
454.955,3178.50
455.067,3178.50
455.165,3178.50
455.266,3178.50
455.357,3178.50
455.460,3178.50
455.564,3178.50
455.666,3178.50
455.762,3178.50
455.865,3178.50
455.957,3178.50
456.066,3178.50
456.162,3178.50
456.265,3178.50
456.359,3178.50
456.462,3178.50
456.563,3178.50
456.666,3178.50
456.763,3178.50
456.864,3178.50
456.955,3178.50
457.067,3178.50
457.160,3178.50
457.265,3178.50
457.362,3178.50
457.460,3178.50
457.560,3178.50
457.666,3178.50
457.760,3178.50
457.866,3178.50
457.953,3178.50
458.067,3178.50
458.165,3178.50
458.265,3178.50
458.363,3178.50
458.458,3178.50
458.560,3178.50
458.667,3178.50
458.761,3178.50
458.865,3178.50
458.952,3178.50
459.066,3178.50
459.162,3178.50
459.266,3178.50
459.363,3178.50
459.453,3178.50
459.563,3178.50
459.666,3178.50
459.759,3178.50
459.866,3178.50
459.952,3178.50
460.066,3178.50
460.162,3178.50
460.266,3178.50
460.356,3178.50
460.464,3178.50
460.557,3178.50
460.666,3178.50
460.762,3178.50
460.864,3178.50
460.955,3178.50
461.066,3178.50
461.159,3178.50
461.265,3178.50
461.352,3178.50
461.456,3178.50
461.562,3178.50
461.665,3178.50
461.751,3178.50
461.866,3178.50
461.950,3178.50
462.066,3178.50
462.160,3178.50
462.265,3178.50
462.360,3178.50
462.462,3178.50
462.554,3178.50
462.665,3178.50
462.761,3178.50
462.866,3178.50
462.953,3178.50
463.065,3178.50
463.151,3178.50
463.262,3178.50
463.349,3178.50
463.459,3178.50
463.554,3178.50
463.665,3178.50
463.760,3178.50
463.866,3178.50
463.953,3178.50
464.065,3178.50
464.165,3178.50
464.264,3178.50
464.360,3178.50
464.460,3178.50
464.561,3178.50
464.665,3178.50
464.761,3178.50
464.865,3178.50
464.952,3178.50
465.065,3178.50
465.159,3178.50
465.264,3178.50
465.354,3178.50
465.463,3178.50
465.563,3178.50
465.664,3178.50
465.759,3178.50
465.865,3178.50
465.956,3178.50
466.065,3178.50
466.165,3178.50
466.262,3178.50
466.362,3178.50
466.459,3178.50
466.561,3178.50
466.663,3178.50
466.761,3178.50
466.862,3178.50
466.951,3178.50
467.064,3178.50
467.157,3178.50
467.264,3178.50
467.351,3178.50
467.460,3178.50
467.566,3178.50
467.662,3178.50
467.760,3178.50
467.862,3178.50
467.952,3178.50
468.064,3178.50
468.150,3178.50
468.264,3178.50
468.356,3178.50
468.457,3178.50
468.560,3178.50
468.662,3178.50
468.761,3178.50
468.863,3178.50
468.951,3178.50
469.063,3178.50
469.164,3178.50
469.262,3178.50
469.358,3178.50
469.458,3178.50
469.561,3178.50
469.663,3178.50
469.759,3178.50
469.863,3178.50
469.951,3178.50
470.063,3178.50
470.161,3178.50
470.264,3178.50
470.353,3178.50
470.459,3178.50
470.561,3178.50
470.663,3178.50
470.748,3178.50
470.862,3178.50
470.949,3178.50
471.064,3178.50
471.165,3178.50
471.262,3178.50
471.360,3178.50
471.462,3178.50
471.560,3178.50
471.662,3178.50
471.757,3178.50
471.864,3178.50
471.953,3178.50
472.063,3178.50
472.164,3178.50
472.258,3178.50
472.359,3178.50
472.456,3178.50
472.559,3178.50
472.663,3178.50
472.751,3178.50
472.863,3178.50
472.951,3178.50
473.063,3178.50
473.162,3178.50
473.261,3178.50
473.357,3178.50
473.459,3178.50
473.557,3178.50
473.661,3178.50
473.760,3178.50
473.862,3178.50
473.948,3178.50
474.062,3178.50
474.157,3178.50
474.262,3178.50
474.362,3178.50
474.461,3178.50
474.551,3178.50
474.662,3178.50
474.753,3178.50
474.862,3178.50
474.950,3178.50
475.062,3178.50
475.158,3178.50
475.261,3178.50
475.362,3178.50
475.451,3178.50
475.556,3178.50
475.662,3178.50
475.759,3178.50
475.862,3178.50
475.948,3178.50
476.061,3178.50
476.153,3178.50
476.263,3178.50
476.359,3178.50
476.455,3178.50
476.560,3178.50
476.661,3178.50
476.759,3178.50
476.860,3178.50
476.949,3178.50
477.062,3178.50
477.159,3178.50
477.261,3178.50
477.360,3178.50
477.456,3178.50
477.560,3178.50
477.660,3178.50
477.757,3178.50
477.860,3178.50
477.948,3178.50
478.060,3178.50
478.158,3178.50
478.259,3178.50
478.360,3178.50
478.454,3178.50
478.561,3178.50
478.660,3178.50
478.758,3178.50
478.861,3178.50
478.952,3178.50
479.061,3178.50
479.149,3178.50
479.262,3178.50
479.356,3178.50
479.456,3178.50
479.560,3178.50
479.660,3178.50
479.756,3178.50
479.861,3178.50
479.946,3178.50
480.061,3178.50
480.160,3178.50
480.260,3178.50
480.364,3178.50
480.458,3178.50
480.560,3178.50
480.659,3178.50
480.759,3178.50
480.860,3178.50
480.947,3178.50
481.061,3178.50
481.158,3178.50
481.261,3178.50
481.356,3178.50
481.455,3178.50
481.557,3178.50
481.661,3178.50
481.756,3178.50
481.860,3178.50
481.953,3178.50
482.061,3178.50
482.158,3178.50
482.260,3178.50
482.354,3178.50
482.456,3178.50
482.558,3178.50
482.659,3178.50
482.755,3178.50
482.860,3178.50
482.947,3178.50
483.060,3178.50
483.156,3178.50
483.259,3178.50
483.358,3178.50
483.450,3178.50
483.557,3178.50
483.659,3178.50
483.756,3178.50
483.859,3178.50
483.948,3178.50
484.060,3178.50
484.156,3178.50
484.257,3178.50
484.355,3178.50
484.455,3178.50
484.557,3178.50
484.659,3178.50
484.754,3178.50
484.859,3178.50
484.941,3178.50
485.059,3178.50
485.159,3178.50
485.259,3178.50
485.350,3178.50
485.457,3178.50
485.555,3178.50
485.659,3178.50
485.755,3178.50
485.859,3178.50
485.946,3178.50
486.060,3178.50
486.156,3178.50
486.258,3178.50
486.357,3178.50
486.455,3178.50
486.555,3178.50
486.659,3178.50
486.756,3178.50
486.858,3178.50
486.947,3178.50
487.059,3178.50
487.158,3178.50
487.259,3178.50
487.354,3178.50
487.446,3178.50
487.557,3178.50
487.659,3178.50
487.753,3178.50
487.858,3178.50
487.944,3178.50
488.059,3178.50
488.158,3178.50
488.258,3178.50
488.354,3178.50
488.456,3178.50
488.558,3178.50
488.657,3178.50
488.756,3178.50
488.857,3178.50
488.945,3178.50
489.058,3178.50
489.151,3178.50
489.258,3178.50
489.354,3178.50
489.454,3178.50
489.546,3178.50
489.659,3178.50
489.755,3178.50
489.859,3178.50
489.947,3178.50
490.058,3178.50
490.156,3178.50
490.257,3178.50
490.355,3178.50
490.455,3178.50
490.554,3178.50
490.658,3178.50
490.754,3178.50
490.859,3178.50
490.943,3178.50
491.059,3178.50
491.149,3178.50
491.258,3178.50
491.355,3178.50
491.453,3178.50
491.557,3178.50
491.658,3178.50
491.752,3178.50
491.858,3178.50
491.942,3178.50
492.059,3178.50
492.153,3178.50
492.256,3178.50
492.358,3178.50
492.452,3178.50
492.558,3178.50
492.656,3178.50
492.753,3178.50
492.856,3178.50
492.945,3178.50
493.058,3178.50
493.150,3178.50
493.256,3178.50
493.355,3178.50
493.454,3178.50
493.553,3178.50
493.657,3178.50
493.749,3178.50
493.859,3178.50
493.943,3178.50
494.058,3178.50
494.153,3178.50
494.256,3178.50
494.359,3178.50
494.452,3178.50
494.557,3178.50
494.657,3178.50
494.751,3178.50
494.857,3178.50
494.947,3178.50
495.058,3178.50
495.153,3178.50
495.256,3178.50
495.357,3178.50
495.453,3178.50
495.546,3178.50
495.646,3178.50
495.752,3178.50
495.856,3178.50
495.943,3178.50
496.056,3178.50
496.156,3178.50
496.255,3178.50
496.357,3178.50
496.450,3178.50
496.557,3178.50
496.656,3178.50
496.753,3178.50
496.855,3178.50
496.945,3178.50
497.057,3178.50
497.153,3178.50
497.255,3178.50
497.354,3178.50
497.450,3178.50
497.558,3178.50
497.656,3178.50
497.749,3178.50
497.856,3178.50
497.942,3178.50
498.056,3178.50
498.155,3178.50
498.256,3178.50
498.355,3178.50
498.453,3178.50
498.552,3178.50
498.655,3178.50
498.754,3178.50
498.857,3178.50
498.944,3178.50
499.057,3178.50
499.150,3178.50
499.256,3178.50
499.353,3178.50
499.448,3178.50
499.557,3178.50
499.654,3178.50
499.752,3178.50
499.856,3178.50
499.943,3178.50
500.056,3178.50
500.157,3178.50
500.254,3178.50
500.358,3178.50
500.448,3178.50
500.551,3178.50
500.656,3178.50
500.752,3178.50
500.856,3178.50
500.944,3178.50
501.056,3178.50
501.156,3178.50
501.255,3178.50
501.355,3178.50
501.450,3178.50
501.551,3178.50
501.656,3178.50
501.750,3178.50
501.855,3178.50
501.942,3178.50
502.056,3178.50
502.158,3178.50
502.256,3178.50
502.356,3178.50
502.448,3178.50
502.554,3178.50
502.654,3178.50
502.749,3178.50
502.855,3178.50
502.942,3178.50
503.056,3178.50
503.156,3178.50
503.254,3178.50
503.348,3178.50
503.449,3178.50
503.554,3178.50
503.655,3178.50
503.748,3178.50
503.854,3178.50
503.942,3178.50
504.056,3178.50
504.156,3178.50
504.255,3178.50
504.346,3178.50
504.449,3178.50
504.553,3178.50
504.656,3178.50
504.751,3178.50
504.855,3178.50
504.943,3178.50
505.055,3178.50
505.151,3178.50
505.253,3178.50
505.353,3178.50
505.448,3178.50
505.555,3178.50
505.653,3178.50
505.749,3178.50
505.854,3178.50
505.942,3178.50
506.055,3178.50
506.153,3178.50
506.254,3178.50
506.349,3178.50
506.452,3178.50
506.550,3178.50
506.654,3178.50
506.751,3178.50
506.854,3178.50
506.942,3178.50
507.055,3178.50
507.148,3178.50
507.254,3178.50
507.350,3178.50
507.450,3178.50
507.556,3178.50
507.654,3178.50
507.748,3178.50
507.854,3178.50
507.941,3178.50
508.055,3178.50
508.150,3178.50
508.253,3178.50
508.346,3178.50
508.449,3178.50
508.550,3178.50
508.654,3178.50
508.746,3178.50
508.854,3178.50
508.942,3178.50
509.054,3178.50
509.149,3178.50
509.252,3178.50
509.350,3178.50
509.447,3178.50
509.557,3178.50
509.653,3178.50
509.749,3178.50
509.854,3178.50
509.940,3178.50
510.054,3178.50
510.144,3178.50
510.255,3178.50
510.348,3178.50
510.454,3178.50
510.547,3178.50
510.654,3178.50
510.748,3178.50
510.854,3178.50
510.940,3178.50
511.054,3178.50
511.148,3178.50
511.252,3178.50
511.346,3178.50
511.451,3178.50
511.545,3178.50
511.653,3178.50
511.749,3227.29
511.850,3227.29
511.940,3227.29
512.051,3227.29
512.150,3227.29
512.251,3227.29
512.348,3227.29
512.450,3227.29
512.550,3227.29
512.652,3227.29
512.751,3227.29
512.850,3227.29
512.938,3227.29
513.053,3227.29
513.148,3227.29
513.251,3227.29
513.350,3227.29
513.446,3227.29
513.549,3227.29
513.652,3227.29
513.746,3227.29
513.843,3227.29
513.948,3227.29
514.053,3227.29
514.148,3227.29
514.251,3227.29
514.342,3227.29
514.446,3227.29
514.551,3227.29
514.654,3227.29
514.744,3227.29
514.851,3227.29
514.937,3227.29
515.052,3227.29
515.143,3227.29
515.253,3227.29
515.347,3227.29
515.450,3227.29
515.550,3227.29
515.650,3227.29
515.749,3227.29
515.851,3227.29
515.938,3227.29
516.053,3227.29
516.146,3227.29
516.251,3227.29
516.349,3227.29
516.444,3227.29
516.548,3227.29
516.652,3227.29
516.741,3227.29
516.854,3227.29
516.942,3227.29
517.053,3227.29
517.150,3227.29
517.249,3227.29
517.350,3227.29
517.450,3227.29
517.550,3227.29
517.650,3227.29
517.750,3227.29
517.851,3227.29
517.949,3227.29
518.048,3227.29
518.150,3227.29
518.250,3227.29
518.350,3227.29
518.448,3227.29
518.552,3227.29
518.649,3227.29
518.750,3227.29
518.850,3227.29
518.950,3227.29
519.051,3227.29
519.149,3227.29
519.250,3227.29
519.350,3227.29
519.449,3227.29
519.550,3227.29
519.650,3227.29
519.750,3227.29
519.850,3227.29
519.950,3227.29
520.050,3227.29
520.149,3227.29
520.248,3227.29
520.350,3227.29
520.449,3227.29
520.549,3227.29
520.649,3227.29
520.749,3227.29
520.850,3227.29
520.948,3227.29
521.049,3227.29
521.149,3227.29
521.249,3227.29
521.349,3227.29
521.449,3227.29
521.550,3227.29
521.648,3227.29
521.749,3227.29
521.848,3227.29
521.955,3227.29
522.046,3227.29
522.141,3227.29
522.250,3227.29
522.350,3227.29
522.448,3227.29
522.549,3227.29
522.649,3227.29
522.748,3227.29
522.849,3227.29
522.941,3227.29
523.046,3227.29
523.149,3227.29
523.247,3227.29
523.349,3227.29
523.448,3227.29
523.549,3227.29
523.648,3227.29
523.749,3227.29
523.850,3227.29
523.950,3227.29
524.047,3227.29
524.147,3227.29
524.249,3227.29
524.349,3227.29
524.449,3227.29
524.549,3227.29
524.649,3227.29
524.747,3227.29
524.849,3227.29
524.949,3227.29
525.048,3227.29
525.150,3227.29
525.248,3227.29
525.349,3227.29
525.447,3227.29
525.548,3227.29
525.648,3227.29
525.748,3227.29
525.846,3227.29
525.948,3227.29
526.049,3227.29
526.147,3227.29
526.248,3227.29
526.350,3227.29
526.448,3227.29
526.548,3227.29
526.648,3227.29
526.748,3227.29
526.848,3227.29
526.947,3227.29
527.048,3227.29
527.148,3227.29
527.247,3227.29
527.348,3227.29
527.448,3227.29
527.548,3227.29
527.648,3227.29
527.747,3227.29
527.839,3227.29
527.950,3227.29
528.047,3227.29
528.147,3227.29
528.247,3227.29
528.349,3227.29
528.447,3227.29
528.548,3227.29
528.647,3227.29
528.748,3227.29
528.847,3227.29
528.948,3227.29
529.049,3227.29
529.148,3227.29
529.246,3227.29
529.347,3227.29
529.447,3227.29
529.548,3227.29
529.648,3227.29
529.747,3227.29
529.847,3227.29
529.948,3227.29
530.047,3227.29
530.147,3227.29
530.248,3227.29
530.348,3227.29
530.446,3227.29
530.546,3227.29
530.648,3227.29
530.746,3227.29
530.846,3227.29
530.947,3227.29
531.046,3227.29
531.147,3227.29
531.247,3227.29
531.347,3227.29
531.446,3227.29
531.548,3227.29
531.646,3227.29
531.747,3227.29
531.847,3227.29
531.948,3227.29
532.046,3227.29
532.149,3227.29
532.248,3227.29
532.348,3227.29
532.447,3227.29
532.547,3227.29
532.648,3227.29
532.747,3227.29
532.848,3227.29
532.948,3227.29
533.048,3227.29
533.148,3227.29
533.245,3227.29
533.348,3227.29
533.440,3227.29
533.550,3227.29
533.646,3227.29
533.747,3227.29
533.847,3227.29
533.948,3227.29
534.047,3227.29
534.145,3227.29
534.246,3227.29
534.348,3227.29
534.447,3227.29
534.548,3227.29
534.647,3227.29
534.747,3227.29
534.848,3227.29
534.948,3227.29
535.045,3227.29
535.147,3227.29
535.245,3227.29
535.348,3227.29
535.445,3227.29
535.546,3227.29
535.646,3227.29
535.746,3227.29
535.846,3227.29
535.946,3227.29
536.047,3227.29
536.147,3227.29
536.246,3227.29
536.347,3227.29
536.446,3227.29
536.546,3227.29
536.647,3227.29
536.744,3227.29
536.845,3227.29
536.947,3227.29
537.048,3227.29
537.140,3227.29
537.237,3227.29
537.336,3227.29
537.436,3227.29
537.548,3227.29
537.645,3227.29
537.747,3227.29
537.845,3227.29
537.946,3227.29
538.045,3227.29
538.147,3227.29
538.246,3227.29
538.346,3227.29
538.447,3227.29
538.543,3227.29
538.646,3227.29
538.746,3227.29
538.845,3243.87
538.943,3227.29
539.043,3227.29
539.146,3227.29
539.246,3227.29
539.346,3227.29
539.445,3227.29
539.547,3227.29
539.644,3227.29
539.744,3227.29
539.844,3227.29
539.947,3227.29
540.045,3227.29
540.144,3227.29
540.244,3227.29
540.344,3227.29
540.445,3227.29
540.546,3227.29
540.644,3227.29
540.745,3227.29
540.844,3227.29
540.947,3227.29
541.044,3243.87
541.144,3243.87
541.243,3243.87
541.346,3227.29
541.443,3243.87
541.543,3243.87
541.643,3227.29
541.743,3227.29
541.843,3243.87
541.942,3243.87
542.042,3243.87
542.144,3227.29
542.238,3243.87
542.343,3243.87
542.441,3243.87
542.543,3243.87
542.642,3227.29
542.736,3243.87
542.843,3243.87
542.943,3243.87
543.040,3243.87
543.143,3243.87
543.241,3276.58
543.341,3243.87
543.442,3243.87
543.543,3243.87
543.641,3243.87
543.740,3243.87
543.841,3243.87
543.941,3243.87
544.041,3243.87
544.141,3243.87
544.241,3243.87
544.342,3243.87
544.440,3243.87
544.540,3243.87
544.640,3243.87
544.741,3243.87
544.841,3243.87
544.942,3243.87
545.041,3243.87
545.143,3243.87
545.241,3243.87
545.342,3243.87
545.441,3243.87
545.541,3243.87
545.641,3243.87
545.741,3276.58
545.840,3243.87
545.942,3276.58
546.038,3243.87
546.141,3276.58
546.240,3276.58
546.342,3276.58
546.440,3276.58
546.542,3243.87
546.638,3243.87
546.740,3227.29
546.838,3227.29
546.941,3243.87
547.039,3243.87
547.140,3243.87
547.240,3243.87
547.339,3243.87
547.440,3243.87
547.539,3243.87
547.638,3243.87
547.739,3243.87
547.839,3243.87
547.940,3243.87
548.039,3243.87
548.141,3243.87
548.239,3227.29
548.341,3243.87
548.438,3276.58
548.539,3276.58
548.638,3276.58
548.740,3243.87
548.837,3227.29
548.938,3276.58
549.037,3276.58
549.139,3243.87
549.233,3227.29
549.339,3243.87
549.437,3276.58
549.538,3276.58
549.637,3276.58
549.737,3276.58
549.838,3243.87
549.938,3227.29
550.036,3243.87
550.137,3276.58
550.235,3243.87
550.337,3243.87
550.436,3243.87
550.537,3243.87
550.636,3276.58
550.736,3276.58
550.835,3276.58
550.936,3276.58
551.036,3276.58
551.137,3276.58
551.236,3276.58
551.337,3243.87
551.435,3276.58
551.535,3276.58
551.636,3276.58
551.734,3276.58
551.835,3276.58
551.935,3276.58
552.033,3276.58
552.141,3276.58
552.235,3276.58
552.333,3276.58
552.436,3276.58
552.536,3276.58
552.636,3276.58
552.735,3276.58
552.835,3276.58
552.935,3276.58
553.035,3276.58
553.135,3276.58
553.235,3276.58
553.335,3276.58
553.433,3276.58
553.536,3276.58
553.635,3276.58
553.735,3276.58
553.834,3276.58
553.935,3276.58
554.035,3276.58
554.135,3276.58
554.235,3276.58
554.335,3276.58
554.435,3276.58
554.535,3276.58
554.634,3276.58
554.735,3276.58
554.835,3276.58
554.934,3276.58
555.034,3276.58
555.135,3276.58
555.234,3276.58
555.336,3243.87
555.434,3243.87
555.534,3276.58
555.634,3276.58
555.733,3243.87
555.833,3243.87
555.935,3243.87
556.033,3243.87
556.134,3243.87
556.234,3276.58
556.334,3276.58
556.433,3276.58
556.534,3276.58
556.633,3276.58
556.733,3276.58
556.832,3276.58
556.933,3276.58
557.032,3276.58
557.134,3276.58
557.232,3276.58
557.333,3276.58
557.433,3276.58
557.533,3276.58
557.633,3276.58
557.732,3276.58
557.833,3276.58
557.933,3276.58
558.033,3276.58
558.133,3227.29
558.232,3243.87
558.331,3276.58
558.432,3243.87
558.531,3243.87
558.630,3243.87
558.732,3243.87
558.832,3276.58
558.931,3276.58
559.032,3276.58
559.130,3276.58
559.232,3276.58
559.330,3276.58
559.432,3276.58
559.530,3276.58
559.632,3276.58
559.732,3276.58
559.830,3276.58
559.929,3276.58
560.032,3276.58
560.130,3276.58
560.230,3276.58
560.331,3276.58
560.430,3276.58
560.530,3276.58
560.630,3276.58
560.731,3276.58
560.830,3276.58
560.930,3276.58
561.030,3276.58
561.132,3276.58
561.232,3276.58
561.332,3276.58
561.431,3276.58
561.531,3276.58
561.632,3276.58
561.731,3276.58
561.832,3276.58
561.932,3276.58
562.033,3276.58
562.133,3276.58
562.232,3276.58
562.332,3276.58
562.432,3276.58
562.533,3276.58
562.633,3276.58
562.732,3276.58
562.832,3276.58
562.933,3276.58
563.032,3276.58
563.133,3276.58
563.232,3276.58
563.332,3276.58
563.432,3276.58
563.533,3276.58
563.632,3276.58
563.732,3276.58
563.833,3276.58
563.932,3276.58
564.031,3276.58
564.134,3276.58
564.233,3276.58
564.334,3276.58
564.433,3276.58
564.533,3276.58
564.633,3276.58
564.733,3276.58
564.832,3276.58
564.933,3276.58
565.030,3276.58
565.130,3276.58
565.232,3276.58
565.334,3276.58
565.433,3276.58
565.530,3276.58
565.633,3276.58
565.732,3276.58
565.832,3276.58
565.933,3276.58
566.031,3243.87
566.135,3276.58
566.232,3243.87
566.332,3243.87
566.433,3243.87
566.531,3243.87
566.632,3243.87
566.733,3243.87
566.832,3276.58
566.932,3276.58
567.031,3276.58
567.134,3276.58
567.232,3276.58
567.333,3276.58
567.432,3276.58
567.533,3276.58
567.633,3293.33
567.733,3276.58
567.832,3276.58
567.933,3276.58
568.032,3276.58
568.135,3276.58
568.230,3276.58
568.333,3276.58
568.433,3276.58
568.535,3276.58
568.632,3276.58
568.733,3276.58
568.832,3276.58
568.934,3276.58
569.033,3276.58
569.135,3276.58
569.234,3276.58
569.335,3276.58
569.433,3276.58
569.536,3276.58
569.635,3276.58
569.734,3276.58
569.833,3276.58
569.938,3276.58
570.033,3276.58
570.135,3276.58
570.234,3276.58
570.335,3276.58
570.433,3276.58
570.535,3276.58
570.635,3276.58
570.735,3276.58
570.834,3276.58
570.938,3276.58
571.034,3276.58
571.136,3276.58
571.233,3276.58
571.337,3276.58
571.434,3276.58
571.537,3276.58
571.634,3276.58
571.734,3276.58
571.834,3276.58
571.935,3243.87
572.035,3243.87
572.135,3243.87
572.233,3243.87
572.335,3243.87
572.429,3243.87
572.535,3243.87
572.632,3276.58
572.734,3276.58
572.833,3276.58
572.933,3276.58
573.032,3276.58
573.135,3276.58
573.232,3276.58
573.338,3276.58
573.429,3276.58
573.535,3276.58
573.634,3276.58
573.735,3276.58
573.834,3276.58
573.935,3276.58
574.033,3276.58
574.134,3276.58
574.234,3276.58
574.334,3276.58
574.431,3276.58
574.537,3276.58
574.632,3276.58
574.734,3276.58
574.833,3276.58
574.934,3276.58
575.032,3276.58
575.133,3276.58
575.232,3276.58
575.337,3276.58
575.434,3276.58
575.534,3276.58
575.633,3276.58
575.732,3276.58
575.834,3276.58
575.935,3276.58
576.033,3276.58
576.135,3276.58
576.234,3276.58
576.336,3276.58
576.434,3276.58
576.534,3276.58
576.634,3276.58
576.734,3276.58
576.833,3276.58
576.936,3276.58
577.034,3276.58
577.134,3276.58
577.233,3276.58
577.335,3276.58
577.433,3276.58
577.534,3276.58
577.633,3276.58
577.734,3276.58
577.833,3276.58
577.936,3276.58
578.033,3276.58
578.135,3276.58
578.233,3276.58
578.333,3276.58
578.433,3276.58
578.533,3276.58
578.634,3276.58
578.732,3276.58
578.835,3276.58
578.936,3276.58
579.035,3276.58
579.136,3276.58
579.232,3276.58
579.334,3276.58
579.434,3276.58
579.534,3276.58
579.633,3276.58
579.733,3276.58
579.834,3276.58
579.934,3276.58
580.035,3276.58
580.134,3276.58
580.231,3276.58
580.335,3276.58
580.433,3276.58
580.532,3276.58
580.634,3276.58
580.732,3276.58
580.834,3276.58
580.936,3276.58
581.032,3276.58
581.136,3276.58
581.232,3276.58
581.334,3276.58
581.433,3276.58
581.531,3276.58
581.632,3276.58
581.733,3243.87
581.832,3276.58
581.932,3276.58
582.033,3276.58
582.132,3276.58
582.236,3276.58
582.338,3276.58
582.432,3276.58
582.530,3276.58
582.632,3276.58
582.725,3276.58
582.836,3276.58
582.935,3276.58
583.032,3276.58
583.131,3276.58
583.233,3276.58
583.332,3276.58
583.432,3276.58
583.532,3276.58
583.632,3276.58
583.732,3276.58
583.831,3276.58
583.932,3276.58
584.032,3276.58
584.132,3276.58
584.230,3276.58
584.332,3276.58
584.432,3276.58
584.533,3276.58
584.631,3276.58
584.731,3276.58
584.832,3276.58
584.933,3276.58
585.032,3276.58
585.133,3276.58
585.232,3276.58
585.332,3276.58
585.432,3276.58
585.533,3276.58
585.632,3276.58
585.732,3276.58
585.831,3276.58
585.935,3276.58
586.033,3276.58
586.133,3276.58
586.232,3276.58
586.333,3276.58
586.432,3276.58
586.532,3276.58
586.633,3276.58
586.730,3276.58
586.831,3276.58
586.933,3276.58
587.034,3276.58
587.136,3276.58
587.230,3276.58
587.333,3276.58
587.433,3276.58
587.534,3276.58
587.631,3276.58
587.733,3276.58
587.833,3276.58
587.935,3276.58
588.032,3276.58
588.134,3276.58
588.231,3276.58
588.333,3276.58
588.433,3276.58
588.533,3276.58
588.634,3276.58
588.733,3276.58
588.831,3276.58
588.934,3276.58
589.032,3276.58
589.131,3276.58
589.232,3276.58
589.333,3276.58
589.433,3276.58
589.533,3276.58
589.633,3276.58
589.732,3276.58
589.832,3276.58
589.932,3276.58
590.032,3276.58
590.134,3276.58
590.232,3276.58
590.333,3276.58
590.432,3276.58
590.534,3276.58
590.625,3276.58
590.733,3276.58
590.833,3276.58
590.934,3276.58
591.033,3276.58
591.133,3276.58
591.232,3276.58
591.334,3276.58
591.432,3276.58
591.533,3276.58
591.633,3276.58
591.732,3276.58
591.832,3276.58
591.932,3276.58
592.033,3276.58
592.133,3276.58
592.232,3276.58
592.336,3276.58
592.430,3276.58
592.535,3276.58
592.630,3276.58
592.732,3276.58
592.832,3276.58
592.933,3276.58
593.033,3276.58
593.137,3276.58
593.232,3276.58
593.335,3276.58
593.429,3276.58
593.534,3276.58
593.632,3276.58
593.732,3276.58
593.833,3276.58
593.933,3276.58
594.032,3276.58
594.137,3276.58
594.232,3276.58
594.334,3276.58
594.431,3276.58
594.532,3276.58
594.631,3276.58
594.732,3276.58
594.832,3276.58
594.936,3276.58
595.031,3276.58
595.134,3276.58
595.231,3276.58
595.333,3276.58
595.431,3276.58
595.533,3276.58
595.630,3276.58
595.731,3276.58
595.832,3276.58
595.936,3276.58
596.029,3276.58
596.133,3276.58
596.230,3276.58
596.335,3276.58
596.432,3276.58
596.535,3276.58
596.631,3276.58
596.734,3276.58
596.832,3276.58
596.932,3276.58
597.029,3243.87
597.130,3276.58
597.229,3276.58
597.330,3276.58
597.430,3276.58
597.530,3276.58
597.630,3276.58
597.730,3276.58
597.830,3276.58
597.932,3276.58
598.030,3276.58
598.133,3276.58
598.230,3276.58
598.333,3276.58
598.430,3276.58
598.530,3276.58
598.632,3276.58
598.729,3276.58
598.830,3276.58
598.930,3276.58
599.029,3276.58
599.129,3276.58
599.229,3276.58
599.333,3276.58
599.430,3276.58
599.531,3276.58
599.630,3276.58
599.730,3276.58
599.830,3276.58
599.932,3276.58
600.030,3276.58
600.129,3276.58
600.229,3276.58
600.332,3276.58
600.429,3276.58
600.534,3276.58
600.630,3276.58
600.730,3276.58
600.829,3276.58
600.931,3276.58
601.030,3276.58
601.130,3276.58
601.231,3276.58
601.330,3276.58
601.421,3276.58
601.533,3276.58
601.629,3276.58
601.728,3276.58
601.830,3276.58
601.932,3276.58
602.027,3276.58
602.133,3276.58
602.229,3276.58
602.335,3276.58
602.429,3276.58
602.529,3276.58
602.624,3276.58
602.732,3276.58
602.821,3276.58
602.932,3276.58
603.029,3243.87
603.129,3276.58
603.228,3276.58
603.330,3276.58
603.429,3276.58
603.531,3276.58
603.628,3276.58
603.730,3276.58
603.828,3276.58
603.928,3276.58
604.030,3276.58
604.134,3276.58
604.229,3276.58
604.327,3276.58
604.428,3276.58
604.528,3276.58
604.629,3276.58
604.729,3276.58
604.827,3276.58
604.933,3276.58
605.026,3276.58
605.133,3276.58
605.228,3276.58
605.329,3276.58
605.427,3276.58
605.530,3276.58
605.628,3276.58
605.728,3276.58
605.827,3276.58
605.934,3276.58
606.028,3276.58
606.128,3276.58
606.228,3276.58
606.329,3276.58
606.428,3276.58
606.528,3276.58
606.628,3276.58
606.724,3276.58
606.832,3276.58
606.930,3276.58
607.028,3276.58
607.128,3276.58
607.227,3276.58
607.327,3276.58
607.428,3276.58
607.528,3276.58
607.628,3276.58
607.728,3276.58
607.828,3276.58
607.927,3276.58
608.027,3276.58
608.127,3276.58
608.228,3276.58
608.326,3276.58
608.423,3276.58
608.527,3276.58
608.627,3276.58
608.723,3276.58
608.829,3276.58
608.916,3276.58
609.030,3276.58
609.122,3276.58
609.229,3276.58
609.326,3276.58
609.423,3276.58
609.529,3276.58
609.627,3276.58
609.727,3276.58
609.828,3276.58
609.918,3276.58
610.030,3276.58
610.121,3276.58
610.228,3276.58
610.327,3276.58
610.422,3243.87
610.520,3243.87
610.627,3276.58
610.722,3276.58
610.828,3276.58
610.917,3276.58
611.029,3276.58
611.127,3276.58
611.227,3276.58
611.325,3276.58
611.421,3276.58
611.523,3243.87
611.625,3243.87
611.722,3276.58
611.825,3243.87
611.914,3276.58
612.026,3276.58
612.121,3276.58
612.226,3276.58
612.323,3276.58
612.423,3276.58
612.520,3276.58
612.625,3243.87
612.722,3243.87
612.825,3276.58
612.917,3276.58
613.026,3276.58
613.124,3276.58
613.221,3276.58
613.320,3276.58
613.412,3276.58
613.518,3276.58
613.626,3276.58
613.723,3276.58
613.823,3276.58
613.918,3276.58
614.024,3276.58
614.123,3276.58
614.223,3276.58
614.320,3276.58
614.418,3276.58
614.524,3276.58
614.624,3276.58
614.719,3276.58
614.824,3276.58
614.915,3276.58
615.026,3276.58
615.123,3276.58
615.224,3276.58
615.323,3276.58
615.417,3276.58
615.525,3276.58
615.624,3276.58
615.719,3276.58
615.824,3276.58
615.912,3293.33
616.027,3276.58
616.120,3276.58
616.224,3276.58
616.322,3293.33
616.417,3276.58
616.515,3293.33
616.624,3293.33
616.720,3276.58
616.823,3276.58
616.917,3293.33
617.023,3293.33
617.122,3293.33
617.222,3293.33
617.316,3293.33
617.424,3293.33
617.519,3293.33
617.622,3293.33
617.722,3293.33
617.823,3293.33
617.916,3293.33
618.023,3293.33
618.123,3293.33
618.222,3299.73
618.318,3293.33
618.419,3293.33
618.517,3293.33
618.625,3293.33
618.710,3293.33
618.825,3293.33
618.917,3293.33
619.024,3293.33
619.123,3293.33
619.222,3293.33
619.322,3293.33
619.418,3293.33
619.523,3293.33
619.621,3293.33
619.716,3293.33
619.823,3276.58
619.912,3276.58
620.022,3276.58
620.118,3276.58
620.222,3276.58
620.317,3293.33
620.422,3276.58
620.515,3276.58
620.623,3276.58
620.720,3276.58
620.821,3282.96
620.911,3276.58
621.023,3276.58
621.119,3276.58
621.221,3276.58
621.318,3276.58
621.419,3276.58
621.515,3276.58
621.622,3276.58
621.716,3276.58
621.822,3276.58
621.916,3276.58
622.022,3276.58
622.119,3276.58
622.222,3276.58
622.319,3276.58
622.416,3276.58
622.520,3276.58
622.620,3276.58
622.715,3276.58
622.823,3276.58
622.912,3276.58
623.022,3276.58
623.121,3276.58
623.220,3276.58
623.321,3276.58
623.419,3276.58
623.520,3276.58
623.620,3276.58
623.713,3276.58
623.823,3276.58
623.915,3276.58
624.023,3276.58
624.121,3276.58
624.221,3276.58
624.313,3276.58
624.417,3276.58
624.518,3276.58
624.622,3276.58
624.719,3276.58
624.821,3276.58
624.909,3276.58
625.024,3276.58
625.122,3276.58
625.219,3276.58
625.321,3276.58
625.417,3276.58
625.522,3276.58
625.620,3276.58
625.711,3276.58
625.822,3276.58
625.916,3276.58
626.022,3276.58
626.117,3276.58
626.221,3276.58
626.320,3276.58
626.417,3276.58
626.520,3276.58
626.620,3276.58
626.718,3276.58
626.820,3276.58
626.915,3276.58
627.022,3276.58
627.119,3276.58
627.220,3276.58
627.316,3276.58
627.416,3276.58
627.520,3276.58
627.621,3276.58
627.716,3276.58
627.821,3276.58
627.909,3276.58
628.022,3276.58
628.120,3276.58
628.219,3276.58
628.314,3276.58
628.417,3276.58
628.521,3276.58
628.619,3276.58
628.719,3276.58
628.817,3276.58
628.913,3276.58
629.020,3276.58
629.120,3276.58
629.220,3276.58
629.318,3276.58
629.419,3276.58
629.518,3276.58
629.619,3276.58
629.714,3276.58
629.820,3276.58
629.908,3276.58
630.022,3276.58
630.119,3276.58
630.219,3276.58
630.320,3276.58
630.414,3276.58
630.520,3276.58
630.619,3276.58
630.714,3276.58
630.822,3276.58
630.910,3276.58
631.021,3276.58
631.114,3276.58
631.220,3276.58
631.318,3276.58
631.416,3276.58
631.521,3276.58
631.620,3276.58
631.717,3276.58
631.821,3276.58
631.908,3276.58
632.023,3276.58
632.116,3276.58
632.220,3276.58
632.317,3276.58
632.408,3276.58
632.525,3276.58
632.618,3276.58
632.712,3276.58
632.814,3276.58
632.910,3276.58
633.020,3276.58
633.117,3276.58
633.219,3276.58
633.318,3276.58
633.415,3276.58
633.518,3276.58
633.620,3276.58
633.715,3276.58
633.821,3276.58
633.905,3276.58
634.022,3276.58
634.117,3276.58
634.219,3276.58
634.320,3276.58
634.410,3276.58
634.521,3276.58
634.618,3276.58
634.717,3276.58
634.820,3276.58
634.910,3276.58
635.023,3276.58
635.117,3276.58
635.219,3276.58
635.317,3276.58
635.414,3276.58
635.516,3276.58
635.620,3276.58
635.713,3276.58
635.821,3276.58
635.908,3276.58
636.022,3276.58
636.118,3276.58
636.219,3276.58
636.317,3276.58
636.416,3276.58
636.519,3276.58
636.620,3276.58
636.719,3276.58
636.820,3276.58
636.906,3276.58
637.023,3276.58
637.118,3276.58
637.220,3276.58
637.319,3276.58
637.416,3276.58
637.512,3276.58
637.622,3276.58
637.714,3276.58
637.822,3276.58
637.907,3276.58
638.023,3276.58
638.114,3276.58
638.221,3276.58
638.314,3276.58
638.418,3276.58
638.519,3276.58
638.621,3276.58
638.718,3276.58
638.821,3276.58
638.911,3276.58
639.021,3276.58
639.120,3276.58
639.219,3276.58
639.315,3276.58
639.417,3276.58
639.519,3276.58
639.619,3276.58
639.717,3276.58
639.821,3276.58
639.908,3276.58
640.023,3276.58
640.114,3276.58
640.221,3276.58
640.318,3276.58
640.416,3276.58
640.521,3276.58
640.620,3276.58
640.718,3276.58
640.821,3276.58
640.909,3276.58
641.022,3276.58
641.120,3276.58
641.220,3276.58
641.316,3276.58
641.418,3276.58
641.521,3276.58
641.621,3276.58
641.719,3276.58
641.822,3276.58
641.909,3276.58
642.022,3276.58
642.118,3276.58
642.222,3276.58
642.314,3276.58
642.417,3276.58
642.519,3276.58
642.622,3276.58
642.715,3276.58
642.822,3276.58
642.910,3276.58
643.022,3276.58
643.108,3276.58
643.217,3276.58
643.321,3276.58
643.417,3276.58
643.519,3276.58
643.620,3276.58
643.714,3276.58
643.821,3276.58
643.908,3276.58
644.022,3276.58
644.120,3276.58
644.219,3276.58
644.317,3276.58
644.414,3276.58
644.517,3276.58
644.621,3276.58
644.720,3276.58
644.821,3276.58
644.909,3276.58
645.022,3276.58
645.120,3276.58
645.219,3276.58
645.319,3276.58
645.406,3276.58
645.520,3276.58
645.621,3276.58
645.720,3276.58
645.820,3276.58
645.907,3276.58
646.021,3276.58
646.118,3276.58
646.221,3276.58
646.316,3276.58
646.416,3276.58
646.524,3243.87
646.617,3227.29
646.713,3227.29
646.820,3227.29
646.909,3243.87
647.019,3276.58
647.114,3276.58
647.219,3276.58
647.315,3276.58
647.414,3276.58
647.519,3276.58
647.618,3276.58
647.711,3276.58
647.821,3276.58
647.905,3276.58
648.021,3276.58
648.109,3276.58
648.221,3276.58
648.312,3276.58
648.413,3276.58
648.517,3276.58
648.619,3276.58
648.708,3276.58
648.820,3276.58
648.911,3276.58
649.020,3276.58
649.113,3276.58
649.220,3276.58
649.311,3276.58
649.413,3276.58
649.521,3276.58
649.617,3276.58
649.716,3276.58
649.818,3276.58
649.904,3243.87
650.020,3243.87
650.121,3243.87
650.216,3243.87
650.313,3243.87
650.413,3243.87
650.515,3243.87
650.617,3276.58
650.709,3243.87
650.818,3276.58
650.904,3276.58
651.020,3243.87
651.117,3243.87
651.217,3276.58
651.314,3243.87
651.409,3243.87
651.515,3243.87
651.616,3243.87
651.713,3243.87
651.817,3243.87
651.904,3276.58
652.019,3243.87
652.112,3243.87
652.217,3243.87
652.313,3276.58
652.413,3276.58
652.514,3276.58
652.615,3243.87
652.712,3276.58
652.815,3243.87
652.904,3276.58
653.015,3243.87
653.114,3243.87
653.213,3243.87
653.313,3243.87
653.410,3243.87
653.515,3243.87
653.612,3243.87
653.713,3243.87
653.813,3276.58
653.906,3276.58
654.013,3243.87
654.113,3243.87
654.212,3243.87
654.312,3243.87
654.410,3243.87
654.513,3243.87
654.613,3243.87
654.710,3243.87
654.814,3243.87
654.907,3243.87
655.014,3243.87
655.105,3243.87
655.214,3243.87
655.311,3243.87
655.412,3243.87
655.511,3243.87
655.613,3243.87
655.710,3243.87
655.811,3243.87
655.904,3243.87
656.015,3243.87
656.112,3243.87
656.213,3227.29
656.304,3243.87
656.405,3227.29
656.512,3227.29
656.612,3227.29
656.709,3227.29
656.812,3227.29
656.907,3227.29
657.014,3227.29
657.113,3227.29
657.210,3227.29
657.310,3227.29
657.409,3227.29
657.511,3227.29
657.611,3243.87
657.709,3227.29
657.813,3243.87
657.903,3227.29
658.011,3227.29
658.108,3243.87
658.210,3276.58
658.311,3243.87
658.410,3243.87
658.509,3276.58
658.610,3276.58
658.709,3276.58
658.811,3276.58
658.906,3276.58
659.012,3276.58
659.111,3276.58
659.210,3276.58
659.308,3276.58
659.410,3276.58
659.506,3276.58
659.610,3276.58
659.707,3276.58
659.810,3276.58
659.901,3276.58
660.011,3276.58
660.111,3276.58
660.209,3276.58
660.309,3276.58
660.407,3276.58
660.510,3276.58
660.611,3276.58
660.701,3276.58
660.811,3276.58
660.900,3276.58
661.011,3276.58
661.110,3276.58
661.209,3276.58
661.305,3276.58
