Tiempo;Lux;;;;
4,13037E-05;15,82;;;;
9,04748E-05;16,77;;;;
0,000140138;16,77;;;;
0,0001898;15,82;;;;
0,000238972;16,77;;;;
0,000288634;18,49;;;;
0,000337805;17,47;;;;
0,000387468;17,47;;;;
0,000438115;17,47;;;;
0,000486794;18,49;;;;
0,533506435;18,49;;;;
0,583660957;18,49;;;;
0,63430719;18,49;;;;
0,68347829;19,02;;;;
0,73264939;19,02;;;;
0,781328779;19,02;;;;
0,831483301;19,02;;;;
0,879179268;19,02;;;;
0,92933379;18,49;;;;
0,977521468;19,02;;;;
1,024234013;19,02;;;;
1,076355379;19,02;;;;
1,125526479;19,02;;;;
1,175681001;19,02;;;;
1,224852101;20,32;;;;
1,272548068;19,02;;;;
1,322210879;20,32;;;;
1,370890268;19,02;;;;
1,420061368;20,32;;;;
1,469232468;20,1;;;;
1,518895279;20,1;;;;
1,566591246;19,02;;;;
1,617237479;20,1;;;;
1,666408579;19,02;;;;
1,714596257;20,1;;;;
1,764259068;19,02;;;;
1,813430168;19,23;;;;
1,861126135;19,23;;;;
1,913739212;19,23;;;;
1,960943468;19,02;;;;
2,010114568;20,32;;;;
2,057810535;19,23;;;;
2,108456768;20,32;;;;
2,158119579;19,02;;;;
2,207290679;20,32;;;;
2,256461779;19,02;;;;
2,304649457;20,1;;;;
2,35529569;20,1;;;;
2,402499946;20,1;;;;
2,453146179;20,1;;;;
2,501825568;20,1;;;;
2,550996668;19,02;;;;
2,600167768;20,32;;;;
2,65032229;19,02;;;;
2,698509968;20,1;;;;
2,747681068;19,02;;;;
2,796360457;20,1;;;;
2,845531557;19,02;;;;
2,894702657;19,02;;;;
2,943873757;19,02;;;;
2,993044857;19,02;;;;
3,043199379;19,02;;;;
3,090895346;19,02;;;;
3,140066446;19,02;;;;
3,189729257;19,02;;;;
3,238900357;19,02;;;;
3,288563168;19,02;;;;
3,337242557;19,02;;;;
3,385921946;19,02;;;;
3,436568179;18,49;;;;
3,483772435;18,49;;;;
3,532451824;18,49;;;;
3,584081479;18,49;;;;
3,632269157;18,49;;;;
3,681931968;18,49;;;;
3,730119646;18,49;;;;
3,780274168;18,49;;;;
3,829445268;18,49;;;;
3,878616368;18,49;;;;
3,92385378;18,49;;;;
3,974500013;18,49;;;;
4,026621379;18,49;;;;
4,074809057;18,49;;;;
4,122505024;18,49;;;;
4,173151257;18,49;;;;
4,222322357;18,49;;;;
4,271493457;18,49;;;;
4,321156268;18,49;;;;
4,369835657;18,49;;;;
4,419498468;18,49;;;;
4,468177857;18,49;;;;
4,517348957;18,49;;;;
4,566520057;18,49;;;;
4,612740891;18,49;;;;
4,664862257;18,49;;;;
4,714033357;18,49;;;;
4,763204457;18,49;;;;
4,812375557;18,49;;;;
4,861054946;18,49;;;;
4,911209468;19,02;;;;
4,959397146;18,49;;;;
5,008568246;18,49;;;;
5,058231057;18,49;;;;
5,107402157;18,49;;;;
5,156081546;18,49;;;;
5,205252646;18,49;;;;
5,254915457;17,27;;;;
5,304086557;13,77;;;;
5,352765946;8,93;;;;
5,402428757;7,2;;;;
5,451108146;6,2;;;;
5,501262668;6,2;;;;
5,549942057;5,38;;;;
5,598621446;6,1;;;;
5,646809124;6,98;;;;
5,696963646;6,98;;;;
5,746134746;7,09;;;;
5,795305846;8,07;;;;
5,844476946;8,07;;;;
5,895123179;8,07;;;;
5,942819146;7,77;;;;
5,991990246;7,2;;;;
6,041161346;7,09;;;;
6,090332446;7,77;;;;
6,139995257;7,2;;;;
6,188182935;7,2;;;;
6,238337457;7,2;;;;
6,286525135;7,2;;;;
6,336679657;7,2;;;;
6,386342468;7,2;;;;
6,434530146;7,2;;;;
6,484192957;7,2;;;;
6,533855768;7,2;;;;
6,582043446;7,09;;;;
6,631214546;7,09;;;;
6,679402224;7,09;;;;
6,730048457;7,2;;;;
6,778727846;7,2;;;;
6,828390657;7,2;;;;
6,877561757;7,09;;;;
6,926732857;7,09;;;;
6,975412246;7,09;;;;
7,024583346;7,2;;;;
7,073754446;7,2;;;;
7,122925546;7,2;;;;
7,173571779;7,2;;;;
7,220776035;7,2;;;;
7,270438846;7,2;;;;
7,320593368;7,48;;;;
7,368781046;7,2;;;;
7,417952146;7,2;;;;
7,467614957;7,2;;;;
7,516786057;7,2;;;;
7,565465446;7,2;;;;
7,615128257;7,2;;;;
7,663315935;7,2;;;;
7,713470457;7,2;;;;
7,761658135;7,2;;;;
7,811812657;7,09;;;;
7,860492046;7,09;;;;
7,909171435;7,09;;;;
7,959325957;7,09;;;;
8,008005346;7,09;;;;
8,057176446;7,09;;;;
8,106839257;7,09;;;;
8,156010357;7,09;;;;
8,204689746;7,09;;;;
8,254352557;7,09;;;;
8,302540235;7,2;;;;
8,352203046;7,09;;;;
8,401374146;7,09;;;;
8,450545246;7,09;;;;
8,500208057;7,09;;;;
8,548395735;7,2;;;;
8,598058546;7,09;;;;
8,646737935;7,09;;;;
8,695417324;7,09;;;;
8,746555268;7,09;;;;
8,794742946;7,09;;;;
8,843914046;7,09;;;;
8,893576857;7,09;;;;
8,942747957;7,09;;;;
8,990935635;7,09;;;;
9,040598446;7,09;;;;
9,090261257;7,09;;;;
9,138940646;7,09;;;;
9,188603457;7,09;;;;
9,237774557;7,09;;;;
9,286453946;7,09;;;;
9,335625046;7,09;;;;
9,385287857;7,09;;;;
9,433967246;7,09;;;;
9,483630057;7,09;;;;
9,531817735;7,09;;;;
9,581972257;7,09;;;;
9,630651646;7,09;;;;
9,679822746;7,09;;;;
9,728993846;7,2;;;;
9,777673235;7,09;;;;
9,826352624;7,09;;;;
9,876015435;7,09;;;;
9,925678246;7,09;;;;
9,974849346;7,09;;;;
10,02451216;7,09;;;;
10,07319155;7,09;;;;
10,12236265;7,09;;;;
10,17153375;10,06;;;;
10,22021314;15,46;;;;
10,26938424;22,27;;;;
10,31855534;30,09;;;;
10,36821815;49,45;;;;
10,41689754;72,08;;;;
10,46656035;81,77;;;;
10,51573145;99,11;;;;
10,56490255;104,64;;;;
10,61407365;111,04;;;;
10,66373646;117;;;;
10,71241585;115,19;;;;
10,76060352;114,51;;;;
10,81075805;114,51;;;;
10,86042086;111,04;;;;
10,90910025;108,64;;;;
10,95827135;108,64;;;;
11,00793416;104,64;;;;
11,05612184;104,64;;;;
11,10529294;104,64;;;;
11,15495575;104,64;;;;
11,20412685;104,64;;;;
11,25329795;108,64;;;;
11,30246905;110,37;;;;
11,35114844;104,64;;;;
11,40130296;104,64;;;;
11,44998235;102,97;;;;
11,49915345;104,64;;;;
11,54832455;102,97;;;;
11,59700394;104,64;;;;
11,64568332;104,64;;;;
11,69632956;102,97;;;;
11,74500895;104,64;;;;
11,79418005;102,97;;;;
11,84335115;99,73;;;;
11,89252225;102,97;;;;
11,94218506;105,28;;;;
11,99086445;104,64;;;;
12,03954384;104,64;;;;
12,08969836;105,28;;;;
12,13837775;105,28;;;;
12,18754885;104,64;;;;
12,23622824;104,64;;;;
12,28539934;104,64;;;;
12,33506215;108,64;;;;
12,38374154;105,28;;;;
12,43242092;105,28;;;;
12,48306716;105,28;;;;
12,53125484;105,28;;;;
12,58042594;105,28;;;;
12,63058046;104,64;;;;
12,67876814;104,64;;;;
12,72843095;104,64;;;;
12,77760205;105,28;;;;
12,82382288;105,28;;;;
12,87741938;102,97;;;;
12,92413192;105,28;;;;
12,97428645;105,28;;;;
13,02296584;105,28;;;;
13,07164522;105,28;;;;
13,12130804;105,28;;;;
13,17097085;108,64;;;;
13,22014195;108,64;;;;
13,26832962;102,97;;;;
13,31799244;102,97;;;;
13,36716354;102,97;;;;
13,41535121;104,64;;;;
13,46599745;102,97;;;;
13,51467684;102,97;;;;
13,56384794;104,64;;;;
13,61301904;104,64;;;;
13,66219014;104,64;;;;
13,71185295;105,28;;;;
13,76053234;102,97;;;;
13,80921172;105,28;;;;
13,85838282;104,64;;;;
13,90755392;104,64;;;;
13,95524989;105,28;;;;
14,00687955;108,64;;;;
14,05506722;108,64;;;;
14,10423832;108,64;;;;
14,15439285;105,28;;;;
14,20258052;105,28;;;;
14,25224334;104,64;;;;
14,30043101;104,64;;;;
14,35009382;108,64;;;;
14,39926492;108,64;;;;
14,44892774;104,64;;;;
14,49760712;108,64;;;;
14,54628651;108,64;;;;
14,59644104;108,64;;;;
14,64512042;105,28;;;;
14,69478324;104,64;;;;
14,74346262;108,64;;;;
14,79263372;110,37;;;;
14,84131311;114,51;;;;
14,89097592;120,59;;;;
14,9391636;169,62;;;;
14,98931812;226,5;;;;
15,03799751;255,22;;;;
15,0866769;300,81;;;;
15,13732314;308,86;;;;
15,18551081;321,94;;;;
15,23517362;355,18;;;;
15,28434472;355,18;;;;
15,33351582;344,04;;;;
15,38219521;321,94;;;;
15,43185802;321,94;;;;
15,48152084;318,4;;;;
15,52970851;317,05;;;;
15,5783879;321,94;;;;
15,62854242;317,05;;;;
15,67722181;320,59;;;;
15,72688462;320,59;;;;
15,77605572;321,94;;;;
15,82522682;317,05;;;;
15,87390621;321,94;;;;
15,92406074;317,05;;;;
15,97224841;317,05;;;;
16,02191122;317,05;;;;
16,07157404;317,05;;;;
16,11976171;320,59;;;;
16,1684411;320,59;;;;
16,21564536;321,94;;;;
16,26924186;321,94;;;;
16,31644611;320,59;;;;
16,36610892;321,94;;;;
16,41528002;321,94;;;;
16,46494284;320,59;;;;
16,51313051;317,05;;;;
16,5618099;321,94;;;;
16,610981;320,59;;;;
16,66113552;321,94;;;;
16,70883149;321,94;;;;
16,75898601;321,94;;;;
16,8076654;317,05;;;;
16,85634479;321,94;;;;
16,90748274;317,05;;;;
16,95567041;321,94;;;;
17,00336638;321,94;;;;
17,05450432;321,94;;;;
17,10367542;317,05;;;;
17,15235481;321,94;;;;
17,20054249;321,94;;;;
17,25118872;321,94;;;;
17,2993764;321,94;;;;
17,34903921;317,05;;;;
17,39821031;320,59;;;;
17,44639799;321,94;;;;
17,49655251;321,94;;;;
17,54572361;321,94;;;;
17,59391129;317,05;;;;
17,64406581;318,4;;;;
17,6927452;321,94;;;;
17,74142459;321,94;;;;
17,79059569;321,94;;;;
17,84124192;321,94;;;;
17,8894296;321,94;;;;
17,93909241;321,94;;;;
17,98826351;328,98;;;;
18,0369429;320,59;;;;
18,086114;321,94;;;;
18,13577681;318,4;;;;
18,1844562;320,59;;;;
18,2336273;321,94;;;;
18,2827984;317,05;;;;
18,33147779;321,94;;;;
18,37868205;321,94;;;;
18,43129512;321,94;;;;
18,4794828;321,94;;;;
18,52816219;321,94;;;;
18,57880842;317,05;;;;
18,62650439;321,94;;;;
18,67518378;321,94;;;;
18,72484659;318,4;;;;
18,77106743;317,05;;;;
18,82220537;317,05;;;;
18,87334331;321,94;;;;
18,92153099;317,05;;;;
18,97021038;318,4;;;;
19,01938148;321,94;;;;
19,06904429;321,94;;;;
19,11821539;321,94;;;;
19,16836991;320,59;;;;
19,21459075;317,05;;;;
19,26572869;320,59;;;;
19,31440808;320,59;;;;
19,3645626;317,05;;;;
19,41275028;321,94;;;;
19,46192138;321,94;;;;
19,51158419;317,05;;;;
19,55928016;321,94;;;;
19,60894297;407,51;;;;
19,65860578;452,45;;;;
19,70826859;439,34;;;;
19,75743969;525,2;;;;
19,80562737;466,47;;;;
19,8562736;461,93;;;;
19,90396957;466,47;;;;
19,95412409;466,47;;;;
20,00231177;466,47;;;;
20,05344971;466,47;;;;
20,10114568;466,47;;;;
20,15179191;466,47;;;;
20,19948788;466,47;;;;
20,24915069;466,47;;;;
20,29832179;466,47;;;;
20,34847631;466,47;;;;
20,39568057;466,47;;;;
20,44583509;461,93;;;;
20,49402277;466,47;;;;
20,54319387;466,47;;;;
20,59285668;466,47;;;;
20,64251949;466,47;;;;
20,69169059;461,93;;;;
20,74036998;461,93;;;;
20,79003279;466,47;;;;
20,83772876;466,47;;;;
20,88788328;466,47;;;;
20,93754609;461,93;;;;
20,98622548;461,93;;;;
21,03539658;461,93;;;;
21,08456768;461,93;;;;
21,13324707;461,93;;;;
21,18241817;461,93;;;;
21,2330644;461,93;;;;
21,28026866;461,93;;;;
21,33091489;466,47;;;;
21,37861086;461,93;;;;
21,42876538;466,47;;;;
21,47695306;461,93;;;;
21,52710758;466,47;;;;
21,57529526;466,47;;;;
21,62594149;461,93;;;;
21,67412917;461,93;;;;
21,7247754;461,93;;;;
21,77247137;461,93;;;;
21,82164247;461,93;;;;
21,87081357;466,47;;;;
21,91801783;466,47;;;;
21,97013919;466,47;;;;
22,01439318;466,47;;;;
22,06798968;466,47;;;;
22,11716078;461,93;;;;
22,16485675;466,47;;;;
22,21501127;466,47;;;;
22,26467408;461,93;;;;
22,30843636;460,2;;;;
22,36301628;466,47;;;;
22,41071225;466,47;;;;
22,46135848;466,47;;;;
22,50610418;466,47;;;;
22,56019239;466,47;;;;
22,60838007;461,93;;;;
22,6546009;466,47;;;;
22,70426371;466,47;;;;
22,75490995;461,93;;;;
22,80555618;466,47;;;;
22,85374386;461,93;;;;
22,90242325;461,93;;;;
22,95306948;461,93;;;;
22,99732347;461,93;;;;
23,05141168;466,47;;;;
23,09615738;461,93;;;;
23,14926217;466,47;;;;
23,19646643;466,47;;;;
23,24662095;461,93;;;;
23,29579205;466,47;;;;
23,34545486;461,93;;;;
23,3921674;461,93;;;;
23,44478048;475,47;;;;
23,48903447;466,47;;;;
23,54263097;466,47;;;;
23,58836009;466,47;;;;
23,63998975;466,47;;;;
23,68866914;466,47;;;;
23,73931537;466,47;;;;
23,7855362;466,47;;;;
23,83716586;466,47;;;;
23,88240327;466,47;;;;
23,93698319;466,47;;;;
23,97976205;466,47;;;;
24,0358171;466,47;;;;
24,07712083;466,47;;;;
24,13317588;461,93;;;;
24,18038014;466,47;;;;
24,22758439;466,47;;;;
24,27872234;466,47;;;;
24,32936857;466,47;;;;
24,3755894;466,47;;;;
24,4247605;466,47;;;;
24,47245647;466,47;;;;
24,52605297;466,47;;;;
24,57473236;461,93;;;;
24,62242833;466,47;;;;
24,67012429;466,47;;;;
24,72027881;466,47;;;;
24,7689582;466,47;;;;
24,82009615;466,47;;;;
24,86877554;466,47;;;;
24,91843835;466,47;;;;
24,96416747;481,88;;;;
25,01628884;543,79;;;;
25,06300138;582,29;;;;
25,11463104;631,34;;;;
25,16281871;665,81;;;;
25,21100639;660,05;;;;
25,2606692;627,9;;;;
25,31229886;622,36;;;;
25,35851969;622,36;;;;
25,41014935;622,36;;;;
25,45538676;622,36;;;;
25,50947497;622,36;;;;
25,55717094;622,36;;;;
25,60732546;622,36;;;;
25,654038;622,36;;;;
25,70517595;622,36;;;;
25,75385534;622,36;;;;
25,80351815;622,36;;;;
25,84875556;627,9;;;;
25,90284377;627,9;;;;
25,94955631;622,36;;;;
26,00020255;622,36;;;;
26,04789851;622,36;;;;
26,09756133;622,36;;;;
26,14427387;622,36;;;;
26,19442839;627,9;;;;
26,24359949;622,36;;;;
26,29424573;627,9;;;;
26,34390854;622,36;;;;
26,39406306;622,36;;;;
26,44126731;622,36;;;;
26,49240526;627,9;;;;
26,54010123;627,9;;;;
26,58976404;622,36;;;;
26,63795171;622,36;;;;
26,68810624;622,36;;;;
26,7358022;622,36;;;;
26,78644844;622,36;;;;
26,83512783;622,36;;;;
26,88528235;622,36;;;;
26,93002805;622,36;;;;
26,98411626;622,36;;;;
27,03181223;622,36;;;;
27,08049161;622,36;;;;
27,13064614;627,9;;;;
27,17735868;622,36;;;;
27,22898834;622,36;;;;
27,27865115;622,36;;;;
27,32487198;622,36;;;;
27,37748506;622,36;;;;
27,42173905;622,36;;;;
27,47631897;622,36;;;;
27,52352323;622,36;;;;
27,57318604;622,36;;;;
27,62284885;622,36;;;;
27,67201995;627,9;;;;
27,72266618;627,9;;;;
27,77036215;627,9;;;;
27,81658298;627,9;;;;
27,87165461;627,9;;;;
27,91541689;627,9;;;;
27,96802997;622,36;;;;
28,01621765;622,36;;;;
28,06440533;627,9;;;;
28,10915103;627,9;;;;
28,16225581;627,9;;;;
28,20946007;622,36;;;;
28,25961459;627,9;;;;
28,31075254;622,36;;;;
28,35992364;622,36;;;;
28,40614447;622,36;;;;
28,45875755;622,36;;;;
28,50645351;622,36;;;;
28,55709975;622,36;;;;
28,604304;627,9;;;;
28,65544195;627,9;;;;
28,70412134;627,9;;;;
28,75378415;627,9;;;;
28,79951327;627,9;;;;
28,85212635;622,36;;;;
28,89441349;622,36;;;;
28,95096026;627,9;;;;
28,99816451;627,9;;;;
29,04831904;622,36;;;;
29,09699843;622,36;;;;
29,14616953;648,83;;;;
29,19288207;721,71;;;;
29,24500344;759,36;;;;
29,29122427;715,63;;;;
29,34383735;747,04;;;;
29,38710792;780,65;;;;
29,44217955;726,37;;;;
29,48790867;724,03;;;;
29,54003004;717,94;;;;
29,58674258;726,37;;;;
29,6368971;724,03;;;;
29,68311794;724,03;;;;
29,73818957;726,37;;;;
29,78391869;726,37;;;;
29,83554835;738,45;;;;
29,87881892;726,37;;;;
29,93389055;738,45;;;;
29,97961967;724,03;;;;
30,03075761;726,37;;;;
30,079437;726,37;;;;
30,1286081;724,03;;;;
30,17876263;724,03;;;;
30,22793373;726,37;;;;
30,27366285;726,37;;;;
30,32775106;726,37;;;;
30,3700382;738,45;;;;
30,42510984;738,45;;;;
30,47329751;726,37;;;;
30,52296033;726,37;;;;
30,57213143;726,37;;;;
30,6203191;726,37;;;;
30,67047363;738,45;;;;
30,71964473;726,37;;;;
30,76734069;726,37;;;;
30,81897035;726,37;;;;
30,86420776;726,37;;;;
30,91632913;726,37;;;;
30,96746707;726,37;;;;
31,01467133;726,37;;;;
31,06433414;738,45;;;;
31,1120301;726,37;;;;
31,16267634;726,37;;;;
31,21135573;726,37;;;;
31,26003511;726,37;;;;
31,31018964;726,37;;;;
31,3534602;726,37;;;;
31,40951526;724,03;;;;
31,45229412;726,37;;;;
31,50687404;724,03;;;;
31,55211145;726,37;;;;
31,60226597;726,37;;;;
31,65389563;726,37;;;;
31,70306673;726,37;;;;
31,7512544;724,03;;;;
31,80140893;738,45;;;;
31,84664634;726,37;;;;
31,89975113;726,37;;;;
31,94892223;738,45;;;;
31,99760161;726,37;;;;
32,04529758;726,37;;;;
32,0954521;724,03;;;;
32,14511491;724,03;;;;
32,19477773;726,37;;;;
32,24149027;724,03;;;;
32,29066137;724,03;;;;
32,33786563;726,37;;;;
32,39195384;726,37;;;;
32,43915809;726,37;;;;
32,48931261;738,45;;;;
32,53700858;726,37;;;;
32,58765481;726,37;;;;
32,63485907;726,37;;;;
32,68698044;726,37;;;;
32,73320127;738,45;;;;
32,78433921;726,37;;;;
32,83056005;738,45;;;;
32,8821897;724,03;;;;
32,93037738;738,45;;;;
32,9805319;726,37;;;;
33,02822787;726,37;;;;
33,07789068;738,45;;;;
33,12706178;738,45;;;;
33,17770801;726,37;;;;
33,2263874;726,37;;;;
33,27605021;738,45;;;;
33,31981249;726,37;;;;
33,3739007;726,37;;;;
33,42258009;726,37;;;;
33,4722429;726,37;;;;
33,51944716;738,45;;;;
33,57009339;738,45;;;;
33,61778936;738,45;;;;
33,6689273;726,37;;;;
33,71613156;738,45;;;;
33,76677779;738,45;;;;
33,81250692;726,37;;;;
33,8656117;726,37;;;;
33,91527451;726,37;;;;
33,96346219;738,45;;;;
34,01066645;738,45;;;;
34,06032926;738,45;;;;
34,11048378;726,37;;;;
34,15965488;738,45;;;;
34,20833427;726,37;;;;
34,25750537;738,45;;;;
34,30421792;738,45;;;;
34,35584757;726,37;;;;
34,40256012;738,45;;;;
34,45369806;738,45;;;;
34,50237745;738,45;;;;
34,55105684;738,45;;;;
34,60121136;738,45;;;;
34,65136588;738,45;;;;
34,69906185;783,1;;;;
34,74970808;826,96;;;;
34,79494549;829,51;;;;
34,84805028;849,5;;;;
34,89476283;811,41;;;;
34,94540906;811,41;;;;
34,99408845;804,83;;;;
35,04325955;804,83;;;;
35,09193894;804,83;;;;
35,14258517;804,83;;;;
35,19077285;804,83;;;;
35,24141908;804,83;;;;
35,28763992;804,83;;;;
35,33926957;804,83;;;;
35,38696554;804,83;;;;
35,43712006;804,83;;;;
35,48530774;804,83;;;;
35,53447884;804,83;;;;
35,58315823;804,83;;;;
35,63429617;804,83;;;;
35,68150043;804,83;;;;
35,73263837;804,83;;;;
35,77935092;804,83;;;;
35,83196399;804,83;;;;
35,88015167;804,83;;;;
35,92833935;804,83;;;;
35,97701874;804,83;;;;
36,02668155;804,83;;;;
36,07536094;804,83;;;;
36,12649888;804,83;;;;
36,17370314;804,83;;;;
36,22434937;804,83;;;;
36,26860336;804,83;;;;
36,32318328;804,83;;;;
36,37137096;804,83;;;;
36,42103377;804,83;;;;
36,4672546;804,83;;;;
36,51839255;804,83;;;;
36,56805536;804,83;;;;
36,61771817;804,83;;;;
36,66443072;804,83;;;;
36,71606037;804,83;;;;
36,76031436;804,83;;;;
36,81440257;804,83;;;;
36,86160683;804,83;;;;
36,91176135;804,83;;;;
36,95699876;804,83;;;;
37,01059526;804,83;;;;
37,05779952;804,83;;;;
37,10942917;804,83;;;;
37,15712514;804,83;;;;
37,20777137;804,83;;;;
37,2539922;804,83;;;;
37,30562186;804,83;;;;
37,35331783;804,83;;;;
37,40445577;804,83;;;;
37,44821805;804,83;;;;
37,50083113;804,83;;;;
37,55246078;804,83;;;;
37,60064846;804,83;;;;
37,64981956;804,83;;;;
37,69899066;804,83;;;;
37,74668663;804,83;;;;
37,79733286;804,83;;;;
37,84502883;804,83;;;;
37,89616677;804,83;;;;
37,94435445;804,83;;;;
37,99205042;804,83;;;;
38,04269665;804,83;;;;
38,09235946;804,83;;;;
38,14103885;804,83;;;;
38,19119337;804,83;;;;
38,23839763;804,83;;;;
38,28904386;804,83;;;;
38,33821496;804,83;;;;
38,38689435;804,83;;;;
38,43606545;804,83;;;;
38,48474484;804,83;;;;
38,53489936;811,41;;;;
38,58308704;804,83;;;;
38,63225814;804,83;;;;
38,68241266;804,83;;;;
38,72765007;804,83;;;;
38,78124657;804,83;;;;
38,82992596;804,83;;;;
38,87860535;804,83;;;;
38,92728474;804,83;;;;
38,97645584;804,83;;;;
39,02710207;804,83;;;;
39,07528975;804,83;;;;
39,12200229;804,83;;;;
39,17363195;804,83;;;;
39,21936107;811,41;;;;
39,27197415;902,84;;;;
39,3191784;893,1;;;;
39,36982464;893,1;;;;
39,41801232;902,84;;;;
39,4666917;965,49;;;;
39,51782965;926,73;;;;
39,56700075;923,98;;;;
39,614205;923,98;;;;
39,66583466;923,98;;;;
39,7125472;923,98;;;;
39,76417686;923,98;;;;
39,81334796;923,98;;;;
39,86202735;923,98;;;;
39,91021503;923,98;;;;
39,96086126;923,98;;;;
40,00806552;923,98;;;;
40,06067859;923,98;;;;
40,10788285;923,98;;;;
40,15803737;923,98;;;;
40,2042582;923,98;;;;
40,25637957;923,98;;;;
40,30505896;923,98;;;;
40,35373835;923,98;;;;
40,40340116;923,98;;;;
40,45109713;923,98;;;;
40,50174336;923,98;;;;
40,55238959;923,98;;;;
40,59959385;923,98;;;;
40,65073179;923,98;;;;
40,6959692;923,98;;;;
40,74858228;923,98;;;;
40,79480312;923,98;;;;
40,84692448;923,98;;;;
40,89314532;923,98;;;;
40,94428326;923,98;;;;
40,99296265;923,98;;;;
41,04360888;923,98;;;;
41,09081314;923,98;;;;
41,14145937;923,98;;;;
41,18817192;923,98;;;;
41,24029328;923,98;;;;
41,2860224;923,98;;;;
41,33863548;923,98;;;;
41,38534803;923,98;;;;
41,43156886;923,98;;;;
41,48516536;923,98;;;;
41,53482817;923,98;;;;
41,58203243;923,98;;;;
41,63366208;923,98;;;;
41,67742436;923,98;;;;
41,7329877;923,98;;;;
41,77920854;923,98;;;;
41,82985477;923,98;;;;
41,87755074;923,98;;;;
41,92672184;923,98;;;;
41,97785978;923,98;;;;
42,02703088;923,98;;;;
42,07276;923,98;;;;
42,12389795;923,98;;;;
42,16864365;923,98;;;;
42,2246987;923,98;;;;
42,26993612;923,98;;;;
42,32205748;923,98;;;;
42,37122858;923,98;;;;
42,42039968;923,98;;;;
42,46760394;923,98;;;;
42,51923359;923,98;;;;
42,56594614;923,98;;;;
42,61757579;923,98;;;;
42,66035465;923,98;;;;
42,7164097;923,98;;;;
42,76508909;923,98;;;;
42,81376848;923,98;;;;
42,86293958;923,98;;;;
42,90965213;923,98;;;;
42,95980665;923,98;;;;
43,01094459;923,98;;;;
43,05569029;923,98;;;;
43,10584482;923,98;;;;
43,15354078;923,98;;;;
43,2081207;923,98;;;;
43,25434154;923,98;;;;
43,30547948;923,98;;;;
43,35415887;923,98;;;;
43,40332997;923,98;;;;
43,45151765;923,98;;;;
43,50216388;923,98;;;;
43,55035156;923,98;;;;
43,6014895;923,98;;;;
43,64426836;923,98;;;;
43,70130684;923,98;;;;
43,74359398;923,98;;;;
43,79915733;923,98;;;;
43,84341132;923,98;;;;
43,89356584;923,98;;;;
43,94372036;923,98;;;;
43,9948583;923,98;;;;
44,04058743;923,98;;;;
44,09270879;923,98;;;;
44,13548765;923,98;;;;
44,19252613;923,98;;;;
44,23874696;923,98;;;;
44,28939319;1000,9;;;;
44,3346306;1052,48;;;;
44,38576855;1060,35;;;;
44,43543136;1049,5;;;;
44,48509417;1057,34;;;;
44,531315;1057,34;;;;
44,58540321;1083,87;;;;
44,62670694;1057,34;;;;
44,68374541;1031,25;;;;
44,73045796;1031,25;;;;
44,78110419;1049,5;;;;
44,82781674;1046,52;;;;
44,87600442;1057,34;;;;
44,92714236;1057,34;;;;
44,97778859;1057,34;;;;
45,02400943;1057,34;;;;
45,0766225;1057,34;;;;
45,11940136;1057,34;;;;
45,1749647;1057,34;;;;
45,22118554;1046,52;;;;
45,27183177;1057,34;;;;
45,31756089;1049,5;;;;
45,36771542;1054,35;;;;
45,41688652;1046,52;;;;
45,46900788;1057,34;;;;
45,51621214;1049,5;;;;
45,56685837;1049,5;;;;
45,61062065;1049,5;;;;
45,6666757;1049,5;;;;
45,71437167;1057,34;;;;
45,76255935;1057,34;;;;
45,81222216;1049,5;;;;
45,85795128;1057,34;;;;
45,90908923;1057,34;;;;
45,96022717;1057,34;;;;
46,00693972;1046,52;;;;
46,05709424;1057,34;;;;
46,10380678;1049,5;;;;
46,15691157;1049,5;;;;
46,20460754;1057,34;;;;
46,25427035;1057,34;;;;
46,30196632;1049,5;;;;
46,35113742;1057,34;;;;
46,40129194;1057,34;;;;
46,45144646;1049,5;;;;
46,49668387;1049,5;;;;
46,55077208;1057,34;;;;
46,59404265;1049,5;;;;
46,64813086;1049,5;;;;
46,69779367;1049,5;;;;
46,74696477;1049,5;;;;
46,79416903;1057,34;;;;
46,84334013;1049,5;;;;
46,88956096;1057,34;;;;
46,94364917;1057,34;;;;
46,98987;1057,34;;;;
47,04149966;1049,5;;;;
47,08526194;1049,5;;;;
47,13984186;1049,5;;;;
47,18802954;1049,5;;;;
47,23720064;1049,5;;;;
47,2848966;1057,34;;;;
47,3340677;1049,5;;;;
47,3832388;1049,5;;;;
47,43486846;1049,5;;;;
47,47863074;1057,34;;;;
47,53271895;1057,34;;;;
47,57549781;1049,5;;;;
47,63106115;1057,34;;;;
47,67728198;1057,34;;;;
47,72940335;1049,5;;;;
47,77611589;1049,5;;;;
47,82430357;1049,5;;;;
47,87347467;1049,5;;;;
47,92608775;1057,34;;;;
47,97083345;1057,34;;;;
48,02442995;1049,5;;;;
48,06819223;1057,34;;;;
48,1208053;1049,5;;;;
48,16653443;1049,5;;;;
48,22111435;1057,34;;;;
48,26536834;1057,34;;;;
48,31503115;1057,34;;;;
48,36420225;1049,5;;;;
48,41779875;1057,34;;;;
48,46205274;1049,5;;;;
48,51564924;1049,5;;;;
48,55990323;1049,5;;;;
48,61399144;1057,34;;;;
48,66119569;1049,5;;;;
48,7108585;1057,34;;;;
48,75953789;1057,34;;;;
48,80870899;1049,5;;;;
48,85394641;1049,5;;;;
48,90852633;1049,5;;;;
48,95523887;1049,5;;;;
49,00686853;1049,5;;;;
49,05259765;1057,34;;;;
49,10521073;1049,5;;;;
49,15290669;1049,5;;;;
49,20158608;1049,5;;;;
49,25075718;1057,34;;;;
49,29845315;1146,52;;;;
49,34909938;1194,4;;;;
49,3992539;1194,4;;;;
49,44645816;1191,15;;;;
49,49808782;1174,51;;;;
49,54283352;1174,51;;;;
49,59446317;1174,51;;;;
49,64314256;1174,51;;;;
49,69280537;1174,51;;;;
49,73558423;1174,51;;;;
49,79016415;1174,51;;;;
49,84130209;1174,51;;;;
49,88948977;1174,51;;;;
49,93767745;1174,51;;;;
49,98684855;1174,51;;;;
50,03110254;1174,51;;;;
50,08224048;1174,51;;;;
50,13042816;1174,51;;;;
50,17861584;1174,51;;;;
50,23614603;1174,51;;;;
50,28531713;1174,51;;;;
50,3335048;1174,51;;;;
50,38218419;1174,51;;;;
50,43086358;1174,51;;;;
50,48150982;1174,51;;;;
50,52773065;1174,51;;;;
50,57985202;1174,51;;;;
50,62656456;1174,51;;;;
50,67721079;1174,51;;;;
50,72539847;1174,51;;;;
50,77506128;1174,51;;;;
50,82324896;1174,51;;;;
50,87487862;1174,51;;;;
50,92109945;1174,51;;;;
50,9727291;1174,51;;;;
51,01845823;1174,51;;;;
51,07156302;1174,51;;;;
51,11925898;1174,51;;;;
51,16843008;1174,51;;;;
51,21809289;1174,51;;;;
51,26677228;1174,51;;;;
51,31545167;1174,51;;;;
51,3660979;1174,51;;;;
51,41428558;1174,51;;;;
51,4644401;1174,51;;;;
51,51115265;1174,51;;;;
51,5627823;1174,51;;;;
51,61096998;1174,51;;;;
51,65964937;1174,51;;;;
51,70931218;1174,51;;;;
51,75799157;1174,51;;;;
51,80667096;1174,51;;;;
51,8578089;1174,51;;;;
51,90599658;1174,51;;;;
51,95467597;1174,51;;;;
52,00188023;1174,51;;;;
52,0544933;1174,51;;;;
52,10120585;1174,51;;;;
52,15185208;1174,51;;;;
52,20003976;1174,51;;;;
52,24822744;1174,51;;;;
52,29838196;1174,51;;;;
52,3495199;1174,51;;;;
52,39721587;1174,51;;;;
52,44737039;1174,51;;;;
52,49211609;1174,51;;;;
52,54571259;1174,51;;;;
52,59390027;1174,51;;;;
52,64159624;1174,51;;;;
52,69027563;1174,51;;;;
52,73944673;1174,51;;;;
52,79107638;1174,51;;;;
52,84024748;1174,51;;;;
52,88892687;1174,51;;;;
52,93908139;1174,51;;;;
52,98431881;1174,51;;;;
53,04037386;1174,51;;;;
53,08511956;1174,51;;;;
53,13478237;1174,51;;;;
53,18395347;1174,51;;;;
53,23361628;1174,51;;;;
53,28082054;1174,51;;;;
53,33245019;1174,51;;;;
53,37867103;1174,51;;;;
53,4312841;1174,51;;;;
53,47701323;1174,51;;;;
53,52913459;1174,51;;;;
53,57781398;1174,51;;;;
53,62649337;1174,51;;;;
53,67320592;1174,51;;;;
53,72336044;1174,51;;;;
53,77253154;1174,51;;;;
53,82366948;1174,51;;;;
53,86792347;1174,51;;;;
53,9229951;1174,51;;;;
53,96823252;1174,51;;;;
54,0213373;1174,51;;;;
54,06755814;1174,51;;;;
54,11869608;1174,51;;;;
54,16639205;1174,51;;;;
54,21605486;1174,51;;;;
54,26522596;1174,51;;;;
54,31488877;1174,51;;;;
54,36307645;1249,03;;;;
54,41372268;1291,03;;;;
54,45994352;1339,31;;;;
54,51255659;1348,54;;;;
54,56025256;1348,54;;;;
54,60991537;1348,54;;;;
54,65662792;1348,54;;;;
54,70727415;1348,54;;;;
54,75841209;1348,54;;;;
54,80758319;1348,54;;;;
54,85478745;1348,54;;;;
54,90592539;1348,54;;;;
54,95312965;1348,54;;;;
55,00377588;1348,54;;;;
55,05098014;1348,54;;;;
55,10260979;1348,54;;;;
55,15079747;1348,54;;;;
55,19751002;1348,54;;;;
55,24766454;1348,54;;;;
55,2997859;1348,54;;;;
55,34354818;1348,54;;;;
55,39861982;1348,54;;;;
55,44434894;1348,54;;;;
55,4964703;1348,54;;;;
55,54318285;1348,54;;;;
55,59382908;1348,54;;;;
55,64349189;1348,54;;;;
55,69118786;1348,54;;;;
55,73839212;1348,54;;;;
55,79248033;1348,54;;;;
55,83820945;1348,54;;;;
55,8898391;1348,54;;;;
55,93507652;1348,54;;;;
55,9881813;1348,54;;;;
56,03341872;1348,54;;;;
56,08799864;1348,54;;;;
56,13274434;1348,54;;;;
56,18191544;1348,54;;;;
56,23206996;1348,54;;;;
56,28369962;1348,54;;;;
56,33090387;1348,54;;;;
56,38253353;1348,54;;;;
56,42580409;1348,54;;;;
56,48136744;1348,54;;;;
56,52660485;1348,54;;;;
56,57921793;1348,54;;;;
56,62494705;1348,54;;;;
56,67460986;1348,54;;;;
56,7257478;1348,54;;;;
56,7749189;1348,54;;;;
56,82310658;1348,54;;;;
56,8732611;1348,54;;;;
56,91554825;1348,54;;;;
56,97357015;1348,54;;;;
57,01929927;1348,54;;;;
57,0699455;1348,54;;;;
57,11813318;1348,54;;;;
57,16632086;1348,54;;;;
57,21696709;1348,54;;;;
57,26613819;1348,54;;;;
57,31285074;1348,54;;;;
57,36546382;1348,54;;;;
57,40873438;1348,54;;;;
57,46528115;1348,54;;;;
57,50855172;1348,54;;;;
57,56313164;1348,54;;;;
57,60836905;1348,54;;;;
57,65901528;1348,54;;;;
57,70818638;1348,54;;;;
57,75981604;1348,54;;;;
57,80603687;1348,54;;;;
57,85766653;1348,54;;;;
57,90093709;1348,54;;;;
57,95748386;1348,54;;;;
58,00272127;1348,54;;;;
58,05435093;1348,54;;;;
58,10204689;1348,54;;;;
58,1517097;1348,54;;;;
58,19989738;1348,54;;;;
58,25054362;1348,54;;;;
58,29774787;1348,54;;;;
58,34937753;1348,54;;;;
58,39215638;1348,54;;;;
58,44870315;1348,54;;;;
58,49443227;1348,54;;;;
58,54606193;1348,54;;;;
58,59326618;1348,54;;;;
58,6434207;1348,54;;;;
58,69308352;1348,54;;;;
58,74225462;1348,54;;;;
58,78896716;1348,54;;;;
58,84108853;1348,54;;;;
58,88337567;1348,54;;;;
58,94041415;1348,54;;;;
58,98565156;1348,54;;;;
59,03728122;1443,5;;;;
59,08448547;1476,12;;;;
59,13070631;1485,96;;;;
59,18331938;1485,96;;;;
59,2334739;1485,96;;;;
59,28018645;1485,96;;;;
59,33279953;1485,96;;;;
59,37557838;1485,96;;;;
59,43114173;1485,96;;;;
59,47982112;1485,96;;;;
59,5285005;1485,96;;;;
59,57816332;1485,96;;;;
59,62389244;1485,96;;;;
59,67699723;1485,96;;;;
59,72616833;1485,96;;;;
59,77042232;1485,96;;;;
59,82500224;1485,96;;;;
59,86581425;1485,96;;;;
59,92334444;1485,96;;;;
59,96956527;1485,96;;;;
60,02070322;1485,96;;;;
60,06790747;1485,96;;;;
60,11707857;1485,96;;;;
60,1677248;1485,96;;;;
60,2168959;1485,96;;;;
60,26311674;1485,96;;;;
60,3152381;1485,96;;;;
60,35900038;1485,96;;;;
60,41505544;1485,96;;;;
60,46078456;1485,96;;;;
60,51290593;1485,96;;;;
60,56011018;1485,96;;;;
60,60829786;1485,96;;;;
60,65894409;1485,96;;;;
60,7086069;1485,96;;;;
60,75482774;1485,96;;;;
60,80793253;1485,96;;;;
60,85169481;1485,96;;;;
60,90627473;1485,96;;;;
60,95397069;1485,96;;;;
61,0036335;1485,96;;;;
61,05132947;1485,96;;;;
61,09902544;1485,96;;;;
61,14917996;1485,96;;;;
61,2003179;1485,96;;;;
61,24653874;1485,96;;;;
61,2986601;1485,96;;;;
61,34045554;1485,96;;;;
61,39798573;1485,96;;;;
61,44666512;1485,96;;;;
61,49485279;1485,96;;;;
61,54304047;1485,96;;;;
61,58975302;1485,96;;;;
61,64187438;1485,96;;;;
61,69153719;1485,96;;;;
61,73677461;1485,96;;;;
61,79086282;1485,96;;;;
61,83265825;1485,96;;;;
61,88969673;1485,96;;;;
61,9378844;1485,96;;;;
61,9870555;1485,96;;;;
62,03425976;1485,96;;;;
62,08195573;1485,96;;;;
62,13309367;1485,96;;;;
62,1837399;1485,96;;;;
62,23045245;1485,96;;;;
62,2820821;1485,96;;;;
62,32682781;1485,96;;;;
62,38091602;1485,96;;;;
62,42566172;1485,96;;;;
62,47925822;1485,96;;;;
62,52400392;1485,96;;;;
62,57415844;1485,96;;;;
62,62480467;1485,96;;;;
62,6754509;1485,96;;;;
62,72019661;1485,96;;;;
62,7737931;1485,96;;;;
62,81755538;1485,96;;;;
62,87311873;1485,96;;;;
62,91835614;1485,96;;;;
62,96998579;1485,96;;;;
63,01571492;1485,96;;;;
63,06783628;1485,96;;;;
63,11749909;1485,96;;;;
63,16667019;1485,96;;;;
63,21338274;1485,96;;;;
63,26452068;1485,96;;;;
63,30877467;1485,96;;;;
63,3638463;1485,96;;;;
63,40908372;1485,96;;;;
63,4621885;1485,96;;;;
63,50742592;1485,96;;;;
63,55807215;1485,96;;;;
63,6097018;1485,96;;;;
63,65788948;1485,96;;;;
63,70165176;1485,96;;;;
63,7572151;1485,96;;;;
63,80048567;1485,96;;;;
63,85604902;1485,96;;;;
63,90030301;1485,96;;;;
63,9538995;1485,96;;;;
63,99962863;1485,96;;;;
64,05076657;1485,96;;;;
64,09600398;1485,96;;;;
64,1505839;1485,96;;;;
64,19631303;1485,96;;;;
64,24843439;1485,96;;;;
64,29219667;1485,96;;;;
64,3472683;1485,96;;;;
64,39594769;1519,21;;;;
64,43970997;1549,08;;;;
64,48937278;1583,27;;;;
64,53264335;1583,27;;;;
64,59115696;1587,19;;;;
64,64032806;1617,95;;;;
64,68851574;1617,95;;;;
64,73916197;1617,95;;;;
64,77997398;1628,41;;;;
64,83602904;1628,41;;;;
64,88765869;1617,95;;;;
64,93437124;1617,95;;;;
64,98452576;1617,95;;;;
65,03173002;1617,95;;;;
65,0848348;1617,95;;;;
65,13253077;1617,95;;;;
65,18170187;1617,95;;;;
65,22988955;1617,95;;;;
65,28053578;1617,95;;;;
65,32921517;1617,95;;;;
65,37838627;1617,95;;;;
65,42706566;1617,95;;;;
65,47722018;1617,95;;;;
65,52540786;1617,95;;;;
65,57605409;1617,95;;;;
65,62375006;1617,95;;;;
65,67341287;1617,95;;;;
65,72258397;1617,95;;;;
65,77077165;1617,95;;;;
65,82092617;1617,95;;;;
65,87009727;1617,95;;;;
65,91828495;1617,95;;;;
65,96843947;1617,95;;;;
66,01761057;1617,95;;;;
66,06776509;1617,95;;;;
66,11546106;1617,95;;;;
66,16512387;1617,95;;;;
66,21331155;1617,95;;;;
66,26248265;1617,95;;;;
66,31067033;1617,95;;;;
66,3632834;1617,95;;;;
66,41048766;1617,95;;;;
66,45916705;1617,95;;;;
66,50882986;1617,95;;;;
66,5599678;1617,95;;;;
66,60766377;1617,95;;;;
66,65634316;1617,95;;;;
66,70502255;1617,95;;;;
66,75616049;1617,95;;;;
66,80385646;1617,95;;;;
66,85351927;1628,41;;;;
66,90170695;1628,41;;;;
66,95186147;1617,95;;;;
66,99955744;1628,41;;;;
67,04922025;1617,95;;;;
67,09839135;1617,95;;;;
67,14756245;1628,41;;;;
67,19624184;1628,41;;;;
67,24639636;1628,41;;;;
67,29507575;1628,41;;;;
67,34523027;1628,41;;;;
67,39390966;1628,41;;;;
67,44357247;1617,95;;;;
67,49126844;1617,95;;;;
67,54142296;1628,41;;;;
67,58961064;1628,41;;;;
67,63927345;1628,41;;;;
67,68795284;1628,41;;;;
67,73663223;1617,95;;;;
67,78678675;1628,41;;;;
67,83251587;1628,41;;;;
67,88611237;1628,41;;;;
67,93430005;1628,41;;;;
67,98347115;1628,41;;;;
68,03362567;1628,41;;;;
68,08230506;1617,95;;;;
68,13000103;1628,41;;;;
68,17966384;1617,95;;;;
68,22883494;1628,41;;;;
68,27751433;1628,41;;;;
68,32865227;1628,41;;;;
68,37634824;1617,95;;;;
68,42601105;1617,95;;;;
68,47419873;1617,95;;;;
68,52435325;1617,95;;;;
68,57254093;1617,95;;;;
68,62220374;1617,95;;;;
68,67039142;1617,95;;;;
68,72103765;1628,41;;;;
68,76873362;1617,95;;;;
68,81839643;1617,95;;;;
68,86756753;1628,41;;;;
68,91575521;1628,41;;;;
68,96590973;1628,41;;;;
69,01606425;1628,41;;;;
69,06425193;1617,95;;;;
69,11342303;1628,41;;;;
69,16259413;1628,41;;;;
69,21127352;1628,41;;;;
69,26093633;1628,41;;;;
69,31010743;1628,41;;;;
69,35878682;1688,82;;;;
69,40795792;1725,02;;;;
69,45762073;1757,53;;;;
69,50777525;1768,59;;;;
69,55497951;1768,59;;;;
69,60562574;1757,53;;;;
69,65282999;1757,53;;;;
69,70298452;1757,53;;;;
69,75510588;1757,53;;;;
69,80034329;1757,53;;;;
69,85098953;1757,53;;;;
69,90065234;1757,53;;;;
69,94933173;1757,53;;;;
69,99850283;1757,53;;;;
70,04767393;1757,53;;;;
70,09635332;1757,53;;;;
70,14650784;1757,53;;;;
70,19518723;1757,53;;;;
70,24435833;1757,53;;;;
70,29352943;1757,53;;;;
70,34220882;1757,53;;;;
70,39236334;1757,53;;;;
70,44055102;1757,53;;;;
70,49070554;1757,53;;;;
70,53889322;1757,53;;;;
70,58806432;1757,53;;;;
70,63772713;1757,53;;;;
70,68640652;1757,53;;;;
70,73606933;1757,53;;;;
70,78573214;1757,53;;;;
70,83441153;1757,53;;;;
70,88358263;1757,53;;;;
70,93226202;1757,53;;;;
70,98192483;1757,53;;;;
71,03060422;1757,53;;;;
71,07977532;1757,53;;;;
71,12943813;1757,53;;;;
71,17811752;1757,53;;;;
71,22728862;1757,53;;;;
71,27695143;1757,53;;;;
71,32563082;1757,53;;;;
71,37529363;1757,53;;;;
71,42397302;1757,53;;;;
71,47314412;1757,53;;;;
71,52231522;1757,53;;;;
71,57148632;1757,53;;;;
71,62114913;1757,53;;;;
71,67081194;1757,53;;;;
71,71899962;1757,53;;;;
71,76817072;1757,53;;;;
71,81930866;1757,53;;;;
71,86700463;1757,53;;;;
71,91519231;1757,53;;;;
71,96583854;1757,53;;;;
72,01402622;1757,53;;;;
72,06319732;1757,53;;;;
72,11236842;1757,53;;;;
72,16153952;1757,53;;;;
72,21021891;1757,53;;;;
72,25988172;1757,53;;;;
72,30757768;1757,53;;;;
72,35871563;1757,53;;;;
72,40739502;1757,53;;;;
72,45558269;1757,53;;;;
72,50573722;1757,53;;;;
72,55441661;1757,53;;;;
72,60358771;1757,53;;;;
72,65325052;1757,53;;;;
72,70143819;1757,53;;;;
72,75159272;1757,53;;;;
72,80027211;1757,53;;;;
72,84993492;1757,53;;;;
72,89861431;1757,53;;;;
72,94631027;1757,53;;;;
72,99400624;1757,53;;;;
73,04760274;1757,53;;;;
73,09529871;1757,53;;;;
73,14397809;1757,53;;;;
73,19314919;1757,53;;;;
73,24330372;1757,53;;;;
73,29149139;1757,53;;;;
73,34115421;1757,53;;;;
73,38983359;1757,53;;;;
73,43949641;1757,53;;;;
73,48817579;1757,53;;;;
73,53783861;1757,53;;;;
73,58700971;1757,53;;;;
73,63568909;1757,53;;;;
73,68436848;1757,53;;;;
73,73452301;1757,53;;;;
73,78320239;1757,53;;;;
73,83384863;1757,53;;;;
73,88252802;1757,53;;;;
73,93169912;1768,59;;;;
73,98037851;1768,59;;;;
74,02856618;1757,53;;;;
74,07822899;1757,53;;;;
74,12789181;1768,59;;;;
74,17657119;1772,81;;;;
74,22672572;1805,91;;;;
74,27491339;1843,76;;;;
74,32359278;1843,76;;;;
74,37276388;1882,14;;;;
74,42291841;1882,14;;;;
74,47208951;1882,14;;;;
74,52076889;1882,14;;;;
74,56993999;1882,14;;;;
74,61861938;1882,14;;;;
74,66779048;1882,14;;;;
74,71843672;1882,14;;;;
74,76613268;1882,14;;;;
74,81579549;1882,14;;;;
74,86496659;1882,14;;;;
74,91462941;1882,14;;;;
74,96380051;1882,14;;;;
75,01198818;1882,14;;;;
75,06165099;1882,14;;;;
75,11033038;1882,14;;;;
75,16048491;1882,14;;;;
75,20965601;1882,14;;;;
75,25833539;1882,14;;;;
75,30848992;1882,14;;;;
75,35667759;1882,14;;;;
75,40683212;1882,14;;;;
75,45501979;1882,14;;;;
75,50369918;1882,14;;;;
75,55336199;1882,14;;;;
75,60204138;1882,14;;;;
75,65170419;1882,14;;;;
75,70136701;1882,14;;;;
75,75004639;1882,14;;;;
75,79872578;1882,14;;;;
75,84838859;1882,14;;;;
75,89706798;1882,14;;;;
75,94673079;1882,14;;;;
75,99491847;1882,14;;;;
76,04507299;1882,14;;;;
76,09424409;1882,14;;;;
76,14341519;1882,14;;;;
76,19258629;1882,14;;;;
76,24126568;1882,14;;;;
76,29092849;1882,14;;;;
76,33911617;1882,14;;;;
76,39271267;1882,14;;;;
76,43795008;1882,14;;;;
76,48712118;1882,14;;;;
76,53678399;1882,14;;;;
76,58447996;1882,14;;;;
76,63463448;1882,14;;;;
76,68380558;1882,14;;;;
76,73297668;1882,14;;;;
76,78263949;1882,14;;;;
76,83131888;1882,14;;;;
76,88147341;1882,14;;;;
76,93064451;1882,14;;;;
76,97686534;1882,14;;;;
77,02947842;1882,14;;;;
77,07766609;1882,14;;;;
77,12683719;1882,14;;;;
77,17699172;1882,14;;;;
77,22419597;1882,14;;;;
77,27435049;1882,14;;;;
77,32253817;1882,14;;;;
77,37416783;1882,14;;;;
77,42186379;1882,14;;;;
77,47005147;1882,14;;;;
77,51971428;1882,14;;;;
77,56937709;1882,14;;;;
77,61756477;1882,14;;;;
77,66870272;1882,14;;;;
77,71639868;1882,14;;;;
77,76556978;1882,14;;;;
77,81424917;1882,14;;;;
77,86440369;1882,14;;;;
77,91308308;1882,14;;;;
77,96127076;1882,14;;;;
78,01191699;1882,14;;;;
78,06157981;1882,14;;;;
78,10976748;1882,14;;;;
78,16041372;1882,14;;;;
78,20860139;1882,14;;;;
78,25777249;1882,14;;;;
78,30694359;1882,14;;;;
78,35611469;1882,14;;;;
78,40430237;1882,14;;;;
78,45396518;1882,14;;;;
78,50313628;1882,14;;;;
78,55427423;1882,14;;;;
78,60197019;1882,14;;;;
78,65212472;1882,14;;;;
78,69982068;1882,14;;;;
78,75046692;1882,14;;;;
78,79816288;1882,14;;;;
78,84684227;1882,14;;;;
78,89650508;1882,14;;;;
78,94567618;1882,14;;;;
78,99533899;1882,14;;;;
79,04500181;1882,14;;;;
79,09368119;1882,14;;;;
79,14236058;1882,14;;;;
79,19251511;1921,04;;;;
79,24070278;1921,04;;;;
79,29036559;1960,47;;;;
79,33855327;1960,47;;;;
79,38870779;1960,47;;;;
79,43738718;1983,87;;;;
79,48606657;1960,47;;;;
79,53523767;1960,47;;;;
79,58588391;1960,47;;;;
79,63456329;1960,47;;;;
79,68324268;1960,47;;;;
79,73290549;1960,47;;;;
79,78158488;1960,47;;;;
79,83075598;1960,47;;;;
79,87943537;1960,47;;;;
79,92909818;1960,47;;;;
79,97826928;1960,47;;;;
80,02694867;1960,47;;;;
80,07710319;1960,47;;;;
80,12578258;1960,47;;;;
80,17495368;1960,47;;;;
80,22461649;1960,47;;;;
80,27378759;1960,47;;;;
80,32246698;1960,47;;;;
80,37212979;1960,47;;;;
80,42031747;1960,47;;;;
80,46948857;1960,47;;;;
80,51865967;1960,47;;;;
80,56733906;1960,47;;;;
80,61749358;1960,47;;;;
80,66715639;1960,47;;;;
80,71632749;1960,47;;;;
80,76402346;1960,47;;;;
80,81368627;1960,47;;;;
80,86285737;1960,47;;;;
80,91153676;1960,47;;;;
80,96119957;1960,47;;;;
81,01135409;1960,47;;;;
81,05905006;1960,47;;;;
81,11018801;1960,47;;;;
81,15739226;1960,47;;;;
81,20656336;1960,47;;;;
81,25671788;1960,47;;;;
81,30539727;1960,47;;;;
81,35456837;1960,47;;;;
81,40373947;1960,47;;;;
81,45340228;1960,47;;;;
81,50208167;1960,47;;;;
81,55125277;1960,47;;;;
81,60042387;1960,47;;;;
81,64959497;1960,47;;;;
81,69827436;1960,47;;;;
81,74744546;1960,47;;;;
81,79858341;1960,47;;;;
81,84529595;1960,47;;;;
81,89495876;1960,47;;;;
81,94511328;1960,47;;;;
81,99379267;1960,47;;;;
82,04296377;1960,47;;;;
82,09213487;1960,47;;;;
82,14130597;1960,47;;;;
82,19096878;1960,47;;;;
82,23964817;1960,47;;;;
82,29078612;1960,47;;;;
82,33749866;1960,47;;;;
82,38716147;1960,47;;;;
82,43633257;1960,47;;;;
82,48648709;1960,47;;;;
82,53516648;1960,47;;;;
82,58482929;1960,47;;;;
82,63350868;1960,47;;;;
82,67825438;1960,47;;;;
82,73332602;1960,47;;;;
82,78053027;1960,47;;;;
82,82970137;1960,47;;;;
82,87838076;1960,47;;;;
82,92804357;1960,47;;;;
82,97819809;1960,47;;;;
83,02589406;1960,47;;;;
83,07604858;1960,47;;;;
83,12571139;1960,47;;;;
83,17537421;1960,47;;;;
83,22257846;1960,47;;;;
83,27322469;1960,47;;;;
83,32092066;1960,47;;;;
83,36960005;1960,47;;;;
83,41926286;1960,47;;;;
83,46941738;1960,47;;;;
83,51908019;1960,47;;;;
83,56775958;1960,47;;;;
83,61693068;1960,47;;;;
83,66462665;1960,47;;;;
83,71428946;1960,47;;;;
83,76444398;1960,47;;;;
83,81312337;1960,47;;;;
83,86131105;1960,47;;;;
83,91097386;1960,47;;;;
83,95621127;1960,47;;;;
84,00538237;1983,87;;;;
84,05947058;2000,45;;;;
84,10814997;2036,31;;;;
84,15633765;2040,96;;;;
84,20550875;2040,96;;;;
84,25566327;2064,99;;;;
84,29991726;2040,96;;;;
84,35302205;2040,96;;;;
84,40366828;2040,96;;;;
84,45087254;2040,96;;;;
84,50151877;2040,96;;;;
84,55068987;2040,96;;;;
84,59986097;2040,96;;;;
84,64854036;2040,96;;;;
84,69771146;2040,96;;;;
84,74639085;2040,96;;;;
84,79605366;2040,96;;;;
84,84473305;2040,96;;;;
84,89439586;2040,96;;;;
84,94455038;2040,96;;;;
84,99224635;2040,96;;;;
85,04338429;2040,96;;;;
85,09108026;2040,96;;;;
85,14123478;2040,96;;;;
85,18893075;2040,96;;;;
85,23957698;2040,96;;;;
85,28727295;2040,96;;;;
85,33644405;2040,96;;;;
85,38610686;2040,96;;;;
85,43626138;2040,96;;;;
85,48395735;2040,96;;;;
85,53362016;2040,96;;;;
85,58328297;2040,96;;;;
85,63245407;2040,96;;;;
85,68113346;2040,96;;;;
85,72981285;2040,96;;;;
85,77947566;2040,96;;;;
85,82864676;2040,96;;;;
85,87683444;2040,96;;;;
85,92797238;2040,96;;;;
85,97517664;2040,96;;;;
86,02533116;2040,96;;;;
86,07450226;2040,96;;;;
86,12465678;2040,96;;;;
86,17235275;2040,96;;;;
86,22398241;2040,96;;;;
86,26971153;2040,96;;;;
86,32035776;2040,96;;;;
86,36903715;2040,96;;;;
86,41820825;2040,96;;;;
86,46737935;2040,96;;;;
86,51605874;2040,96;;;;
86,56621326;2040,96;;;;
86,61538436;2040,96;;;;
86,66504717;2040,96;;;;
86,71372656;2040,96;;;;
86,76191424;2040,96;;;;
86,81157705;2040,96;;;;
86,86074815;2040,96;;;;
86,90942754;2040,96;;;;
86,95859864;2040,96;;;;
87,01072001;2040,96;;;;
87,05644913;2040,96;;;;
87,10709536;2040,96;;;;
87,15577475;2040,96;;;;
87,20445414;2040,96;;;;
87,25460866;2040,96;;;;
87,30279634;2040,96;;;;
87,35196744;2040,96;;;;
87,40113854;2040,96;;;;
87,44932622;2040,96;;;;
87,50144758;2040,96;;;;
87,54865184;2040,96;;;;
87,59831465;2040,96;;;;
87,64748575;2040,96;;;;
87,69616514;2040,96;;;;
87,74533624;2040,96;;;;
87,79450734;2040,96;;;;
87,84318673;2040,96;;;;
87,89284954;2040,96;;;;
87,94202064;2040,96;;;;
87,99217516;2040,96;;;;
88,04134626;2040,96;;;;
88,09002565;2040,96;;;;
88,13821333;2040,96;;;;
88,18689272;2040,96;;;;
88,23704724;2040,96;;;;
88,28572663;2040,96;;;;
88,33538944;2040,96;;;;
88,38456054;2040,96;;;;
88,43323993;2040,96;;;;
88,48339445;2040,96;;;;
88,53207384;2040,96;;;;
88,58272007;2040,96;;;;
88,63090775;2040,96;;;;
88,68057056;2077,3;;;;
88,72826653;2082,01;;;;
88,77743763;2082,01;;;;
88,82710044;2082,01;;;;
88,87676325;2106,37;;;;
88,92445922;2082,01;;;;
88,97412203;2082,01;;;;
89,02476826;2082,01;;;;
89,07344765;2082,01;;;;
89,12212704;2082,01;;;;
89,17129814;2082,01;;;;
89,21997753;2082,01;;;;
89,26914863;2082,01;;;;
89,31979486;2082,01;;;;
89,36749083;2082,01;;;;
89,41715364;2082,01;;;;
89,46681645;2082,01;;;;
89,51549584;2082,01;;;;
89,56466694;2082,01;;;;
89,61383804;2082,01;;;;
89,66251743;2082,01;;;;
89,71119682;2082,01;;;;
89,76036792;2082,01;;;;
89,81052244;2082,01;;;;
89,85920183;2082,01;;;;
89,90837293;2082,01;;;;
89,95754403;2082,01;;;;
90,00769855;2082,01;;;;
90,05637794;2082,01;;;;
90,10554904;2082,01;;;;
90,15619527;2082,01;;;;
90,20290782;2082,01;;;;
90,25257063;2082,01;;;;
90,30125002;2082,01;;;;
90,35189625;2082,01;;;;
90,40057564;2082,01;;;;
90,44925503;2082,01;;;;
90,49891784;2082,01;;;;
90,54808894;2082,01;;;;
90,59676833;2082,01;;;;
90,64643114;2082,01;;;;
90,69461882;2082,01;;;;
90,74477334;2106,37;;;;
90,79296102;2082,01;;;;
90,84311554;2082,01;;;;
90,89228664;2082,01;;;;
90,94096603;2082,01;;;;
90,98964542;2082,01;;;;
91,03881652;2082,01;;;;
91,08847933;2082,01;;;;
91,14010898;2082,01;;;;
91,18682153;2082,01;;;;
91,23550092;2082,01;;;;
91,28319688;2082,01;;;;
91,33531825;2082,01;;;;
91,38301422;2082,01;;;;
91,43366045;2082,01;;;;
91,48135642;2082,01;;;;
91,53298607;2082,01;;;;
91,57969862;2082,01;;;;
91,63034485;2082,01;;;;
91,67754911;2082,01;;;;
91,72721192;2082,01;;;;
91,77687473;2082,01;;;;
91,82801267;2082,01;;;;
91,87472522;2082,01;;;;
91,92389632;2082,01;;;;
91,97306742;2082,01;;;;
92,02174681;2082,01;;;;
92,07140962;2082,01;;;;
92,12205585;2082,01;;;;
92,16926011;2082,01;;;;
92,21843121;2082,01;;;;
92,26809402;2082,01;;;;
92,31726512;2082,01;;;;
92,36594451;2082,01;;;;
92,41511561;2082,01;;;;
92,463795;2082,01;;;;
92,51394952;2082,01;;;;
92,56115377;2082,01;;;;
92,61229172;2082,01;;;;
92,66097111;2082,01;;;;
92,71014221;2082,01;;;;
92,76029673;2082,01;;;;
92,80897612;2082,01;;;;
92,85814722;2082,01;;;;
92,90781003;2082,01;;;;
92,955506;2082,01;;;;
93,00566052;2082,01;;;;
93,05433991;2082,01;;;;
93,10400272;2082,01;;;;
93,15317382;2082,01;;;;
93,2013615;2082,01;;;;
93,25151602;2082,01;;;;
93,2997037;2082,01;;;;
93,35034993;2082,01;;;;
93,39902932;2082,01;;;;
93,44770871;2082,01;;;;
93,49737152;2082,01;;;;
93,5455592;2106,37;;;;
93,59423858;2082,01;;;;
93,6439014;2082,01;;;;
93,6930725;2082,01;;;;
93,7422436;2082,01;;;;
93,7914147;2082,01;;;;
93,84009408;2082,01;;;;
93,8897569;2082,01;;;;
93,938928;2082,01;;;;
93,9880991;2082,01;;;;
94,03776191;2082,01;;;;
94,0864413;2082,01;;;;
94,1356124;2082,01;;;;
94,1847835;2082,01;;;;
94,2339546;2082,01;;;;
94,28361741;2082,01;;;;
94,33328022;2082,01;;;;
94,38245132;2082,01;;;;
94,43113071;2082,01;;;;
94,48030181;2082,01;;;;
94,52947291;2082,01;;;;
94,5781523;2082,01;;;;
94,6273234;2082,01;;;;
94,67600278;2082,01;;;;
94,7256656;2082,01;;;;
94,77582012;2082,01;;;;
94,82351608;2082,01;;;;
94,8731789;2082,01;;;;
94,92284171;2082,01;;;;
94,9715211;2082,01;;;;
95,0206922;2082,01;;;;
95,06937158;2082,01;;;;
95,11952611;2082,01;;;;
95,16869721;2082,01;;;;
95,21639317;2082,01;;;;
95,26605598;2082,01;;;;
95,3157188;2082,01;;;;
95,36439818;2082,01;;;;
95,41455271;2082,01;;;;
95,46274038;2082,01;;;;
95,51191148;2082,01;;;;
95,56206601;2082,01;;;;
95,6107454;2082,01;;;;
95,65942478;2082,01;;;;
95,70859588;2082,01;;;;
95,75973383;2082,01;;;;
95,80693808;2082,01;;;;
95,85610918;2082,01;;;;
95,90528028;2082,01;;;;
95,9549431;2082,01;;;;
96,00362248;2082,01;;;;
96,0532853;2082,01;;;;
96,1024564;2082,01;;;;
96,15113578;2082,01;;;;
96,2007986;2082,01;;;;
96,24947798;2082,01;;;;
96,2991408;2082,01;;;;
96,34880361;2082,01;;;;
96,39649957;2082,01;;;;
96,44714581;2082,01;;;;
96,49533348;2082,01;;;;
96,54450458;2082,01;;;;
96,59367568;2082,01;;;;
96,6433385;2082,01;;;;
96,69201788;2082,01;;;;
96,74118898;2082,01;;;;
96,79036008;2082,01;;;;
96,83953118;2082,01;;;;
96,88968571;2082,01;;;;
96,93787338;2082,01;;;;
96,98360251;2082,01;;;;
97,03277361;2082,01;;;;
97,08194471;2082,01;;;;
97,13111581;2082,01;;;;
97,18028691;2082,01;;;;
97,22945801;2082,01;;;;
97,28157937;2082,01;;;;
97,33222561;2106,37;;;;
97,37893815;2082,01;;;;
97,42909267;2082,01;;;;
97,47826377;2082,01;;;;
97,52694316;2082,01;;;;
97,5775894;2106,37;;;;
97,62528536;2082,01;;;;
97,67494817;2082,01;;;;
97,72411927;2082,01;;;;
97,77378208;2082,01;;;;
97,82196976;2082,01;;;;
97,87114086;2082,01;;;;
97,9217871;2082,01;;;;
97,96948306;2082,01;;;;
98,01963758;2082,01;;;;
98,06782526;2082,01;;;;
98,11699636;2082,01;;;;
98,16665917;2082,01;;;;
98,21533856;2082,01;;;;
98,26401795;2082,01;;;;
98,31417247;2082,01;;;;
98,36285186;2082,01;;;;
98,41202296;2082,01;;;;
98,46119406;2082,01;;;;
98,51036516;2106,37;;;;
98,55855284;2106,37;;;;
98,60772394;2082,01;;;;
98,65738675;2082,01;;;;
98,70704956;2082,01;;;;
98,75572895;2082,01;;;;
98,80539176;2077,3;;;;
98,85407115;2082,01;;;;
98,90275054;2077,3;;;;
98,95241335;2064,99;;;;
99,00207616;2064,99;;;;
99,05124726;2064,99;;;;
99,09992665;2064,99;;;;
99,14958946;2064,99;;;;
99,19876056;2064,99;;;;
99,24743995;2064,99;;;;
99,29661105;2064,99;;;;
99,34627386;2064,99;;;;
99,39446154;2064,99;;;;
99,44461606;2064,99;;;;
99,49378716;2064,99;;;;
99,54197484;2064,99;;;;
99,59212936;2064,99;;;;
99,64130046;2064,99;;;;
99,68997985;2064,99;;;;
99,73915095;2064,99;;;;
99,78930547;2064,99;;;;
99,83798486;2064,99;;;;
99,88715596;2064,99;;;;
99,93583535;2064,99;;;;
99,98500645;2064,99;;;;
100,0336858;2064,99;;;;
100,0833487;2064,99;;;;
100,1325198;2064,99;;;;
100,1821826;2064,99;;;;
100,2303702;2064,99;;;;
100,2805248;2064,99;;;;
100,3292042;2064,99;;;;
100,3778835;2064,99;;;;
100,4275464;2064,99;;;;
100,4762257;2064,99;;;;
100,5258886;2064,99;;;;
100,5745679;2064,99;;;;
100,6247225;2064,99;;;;
100,6734019;2064,99;;;;
100,7230647;2064,99;;;;
100,7722358;2064,99;;;;
100,8204234;2064,99;;;;
100,870578;2064,99;;;;
100,9192574;2064,99;;;;
100,9684285;2064,99;;;;
101,0180913;2064,99;;;;
101,0667707;2064,99;;;;
101,1159418;2064,99;;;;
101,1646211;2064,99;;;;
101,2147757;2064,99;;;;
101,2634551;2064,99;;;;
101,3126262;2064,99;;;;
101,3617973;2064,99;;;;
101,4104766;2064,99;;;;
101,4596477;2064,99;;;;
101,510294;2064,99;;;;
101,5579899;2064,99;;;;
101,607161;2064,99;;;;
101,6568239;2064,99;;;;
101,705995;2064,99;;;;
101,7551661;2064,99;;;;
101,8043372;2064,99;;;;
101,8530165;2064,99;;;;
101,9026794;2064,99;;;;
101,9518505;2064,99;;;;
102,0005298;2064,99;;;;
102,0501927;2064,99;;;;
102,098872;2064,99;;;;
102,1485349;2064,99;;;;
102,1981977;2064,99;;;;
102,2468771;2064,99;;;;
102,2955564;2064,99;;;;
102,3452193;2064,99;;;;
102,3934069;2064,99;;;;
102,4440532;2064,99;;;;
102,4927326;2064,99;;;;
102,5409202;2064,99;;;;
102,5910748;2064,99;;;;
102,6402459;2064,99;;;;
102,6889252;2064,99;;;;
102,7380963;2064,99;;;;
102,7872674;2064,99;;;;
102,837422;2064,99;;;;
102,8851179;2064,99;;;;
102,9352725;2064,99;;;;
102,9834601;2064,99;;;;
103,0331229;2064,99;;;;
103,082294;2064,99;;;;
103,1319569;2064,99;;;;
103,181128;2064,99;;;;
103,2302991;2064,99;;;;
103,2784867;2064,99;;;;
103,3271661;2064,99;;;;
103,3773206;2064,99;;;;
103,4264917;2064,99;;;;
103,4756628;2064,99;;;;
103,5243422;2040,96;;;;
103,574005;2040,96;;;;
103,6236679;2024,16;;;;
103,6718555;2024,16;;;;
103,7210266;2024,16;;;;
103,7711812;2000,45;;;;
103,8203523;2000,45;;;;
103,8685399;2000,45;;;;
103,9186945;2000,45;;;;
103,9673738;2000,45;;;;
104,0155615;2000,45;;;;
104,065716;2000,45;;;;
104,1143954;2000,45;;;;
104,16455;2000,45;;;;
104,2142128;2000,45;;;;
104,2624004;2000,45;;;;
104,3115715;2000,45;;;;
104,3607426;2000,45;;;;
104,409422;2000,45;;;;
104,4590848;2000,45;;;;
104,5077642;2000,45;;;;
104,557427;2000,45;;;;
104,6065981;2000,45;;;;
104,6557692;2000,45;;;;
104,7054321;2000,45;;;;
104,7541114;2000,45;;;;
104,8027908;2000,45;;;;
104,8524536;1988,44;;;;
104,901133;2000,45;;;;
104,9503041;1988,44;;;;
104,9989835;2000,45;;;;
105,0486463;2000,45;;;;
105,0988009;2000,45;;;;
105,1474802;2000,45;;;;
105,1966513;2000,45;;;;
105,2453307;2000,45;;;;
105,2949935;2000,45;;;;
105,3431812;2000,45;;;;
105,3923523;2000,45;;;;
105,4420151;2000,45;;;;
105,4911862;1988,44;;;;
105,5393739;1988,44;;;;
105,5900201;1988,44;;;;
105,6386995;1988,44;;;;
105,6883623;1988,44;;;;
105,7370417;2000,45;;;;
105,7862128;1988,44;;;;
105,8344005;2000,45;;;;
105,884555;2000,45;;;;
105,9332344;2000,45;;;;
105,9824055;2000,45;;;;
106,0315766;2000,45;;;;
106,080256;2000,45;;;;
106,1304105;2000,45;;;;
106,1795816;2000,45;;;;
106,228261;2000,45;;;;
106,2774321;2000,45;;;;
106,3266032;2000,45;;;;
106,3767577;2000,45;;;;
106,4249454;2000,45;;;;
106,4741165;2000,45;;;;
106,5232876;2000,45;;;;
106,571967;2000,45;;;;
106,6216298;2000,45;;;;
106,6703092;1988,44;;;;
106,719972;2000,45;;;;
106,7686514;2000,45;;;;
106,8183142;1988,44;;;;
106,8674853;2000,45;;;;
106,9166564;2000,45;;;;
106,9648441;2000,45;;;;
107,0154903;2000,45;;;;
107,0641697;2000,45;;;;
107,1098988;1988,44;;;;
107,1610368;1988,44;;;;
107,2111913;2000,45;;;;
107,2613458;2000,45;;;;
107,3100252;2000,45;;;;
107,3587046;2000,45;;;;
107,4083674;2000,45;;;;
107,4580302;2000,45;;;;
107,5067096;2000,45;;;;
107,5558807;2000,45;;;;
107,6045601;1988,44;;;;
107,6537312;2000,45;;;;
107,7024106;2000,45;;;;
107,7535485;1988,44;;;;
107,8007528;1988,44;;;;
107,8509073;1988,44;;;;
107,899095;2000,45;;;;
107,9477744;2000,45;;;;
107,9974372;1988,44;;;;
108,0461166;1988,44;;;;
108,0957794;2000,45;;;;
108,1454422;2000,45;;;;
108,1941216;1988,44;;;;
108,2432927;1988,44;;;;
108,2929555;1988,44;;;;
108,3416349;2000,45;;;;
108,3912977;1988,44;;;;
108,4394854;1988,44;;;;
108,4891482;1960,47;;;;
108,538811;1960,47;;;;
108,5879821;1948,63;;;;
108,6366615;1948,63;;;;
108,6863243;1948,63;;;;
108,7359871;1948,63;;;;
108,7841748;1944,12;;;;
108,8323625;1944,12;;;;
108,8830087;1921,04;;;;
108,9307047;1921,04;;;;
108,9813509;1921,04;;;;
109,030522;1921,04;;;;
109,0787097;1921,04;;;;
109,1278808;1944,12;;;;
109,1770519;1921,04;;;;
109,2272064;1921,04;;;;
109,2753941;1921,04;;;;
109,3255486;1921,04;;;;
109,3737363;1921,04;;;;
109,4233991;1921,04;;;;
109,4720785;1921,04;;;;
109,5227247;1921,04;;;;
109,5709124;1921,04;;;;
109,6210669;1921,04;;;;
109,6682712;1921,04;;;;
109,7189174;1944,12;;;;
109,7671051;1921,04;;;;
109,8167679;1921,04;;;;
109,8649556;1921,04;;;;
109,9141267;1921,04;;;;
109,9637895;1921,04;;;;
110,010502;1921,04;;;;
110,0631151;1921,04;;;;
110,1083525;1921,04;;;;
110,1609656;1921,04;;;;
110,2081699;1921,04;;;;
110,2583244;1944,12;;;;
110,3050369;1944,12;;;;
110,3571583;1944,12;;;;
110,4009206;1921,04;;;;
110,4564839;1944,12;;;;
110,5007379;1944,12;;;;
110,5543344;1944,12;;;;
110,5980967;1944,12;;;;
110,6526766;1921,04;;;;
110,6954555;1921,04;;;;
110,7480685;1921,04;;;;
110,7967479;1921,04;;;;
110,8483776;1909,35;;;;
110,893615;1909,35;;;;
110,9481949;1921,04;;;;
110,9924489;1921,04;;;;
111,0455537;1921,04;;;;
111,0927579;1921,04;;;;
111,1438959;1909,35;;;;
111,1915919;1909,35;;;;
111,2417464;1909,35;;;;
111,2909175;1909,35;;;;
111,3405803;1909,35;;;;
111,3872928;1909,35;;;;
111,4384308;1909,35;;;;
111,4836682;1909,35;;;;
111,5377564;1909,35;;;;
111,5854524;1909,35;;;;
111,6351152;1909,35;;;;
111,6823194;1909,35;;;;
111,7305071;1909,35;;;;
111,7821368;1909,35;;;;
111,8317996;1909,35;;;;
111,8790038;1909,35;;;;
111,9301418;1909,35;;;;
111,9743958;1909,35;;;;
112,0294674;1909,35;;;;
112,0756882;1909,35;;;;
112,1268262;1909,35;;;;
112,173047;1909,35;;;;
112,2246767;1909,35;;;;
112,2718809;1909,35;;;;
112,3235106;1909,35;;;;
112,368748;1909,35;;;;
112,4228362;1909,35;;;;
112,469057;1909,35;;;;
112,5206867;1909,35;;;;
112,5669075;1909,35;;;;
112,6185372;1909,35;;;;
112,6642663;1909,35;;;;
112,7168794;1909,35;;;;
112,7645753;1909,35;;;;
112,8152216;1921,04;;;;
112,8619341;1921,04;;;;
112,9135638;1909,35;;;;
112,9583095;1909,35;;;;
113,011906;1921,04;;;;
113,0596019;1921,04;;;;
113,1097565;1921,04;;;;
113,1589276;1909,35;;;;
113,2026898;1909,35;;;;
113,2543195;1909,35;;;;
113,3064409;1909,35;;;;
113,3541368;1909,35;;;;
113,4042914;1909,35;;;;
113,4480536;1909,35;;;;
113,503617;1909,35;;;;
113,5503295;1909,35;;;;
113,600484;1909,35;;;;
113,6467049;1909,35;;;;
113,6988262;1882,14;;;;
113,7455388;1870,61;;;;
113,7981519;1866,22;;;;
113,8428976;1843,76;;;;
113,8964941;1832,39;;;;
113,9407481;1832,39;;;;
113,9948363;1794,7;;;;
114,0430239;1790,43;;;;
114,092195;1768,59;;;;
114,1403827;1768,59;;;;
114,1915207;1768,59;;;;
114,2392166;1768,59;;;;
114,2893712;1768,59;;;;
114,3336251;1768,59;;;;
114,3891885;1768,59;;;;
114,4339342;1768,59;;;;
114,487039;1768,59;;;;
114,5342432;1768,59;;;;
114,5848895;1757,53;;;;
114,6325854;1768,59;;;;
114,6822482;1768,59;;;;
114,7304359;1768,59;;;;
114,7810822;1768,59;;;;
114,8287781;1768,59;;;;
114,8804078;1768,59;;;;
114,9256452;1768,59;;;;
114,9782583;1768,59;;;;
115,0264459;1768,59;;;;
115,0761088;1768,59;;;;
115,1247881;1757,53;;;;
115,1729758;1768,59;;;;
115,2191967;1768,59;;;;
115,2742683;1768,59;;;;
115,3185223;1768,59;;;;
115,3716271;1768,59;;;;
115,4173562;1768,59;;;;
115,470461;1768,59;;;;
115,5181569;1768,59;;;;
115,5678198;1768,59;;;;
115,6140406;1768,59;;;;
115,6632117;1757,53;;;;
115,7133662;1768,59;;;;
115,7649959;1768,59;;;;
115,8122001;1768,59;;;;
115,8633381;1768,59;;;;
115,9071003;1757,53;;;;
115,962172;1768,59;;;;
116,0098679;1768,59;;;;
116,0600225;1768,59;;;;
116,1077184;1768,59;;;;
116,1568895;1768,59;;;;
116,2070441;1757,53;;;;
116,2557234;1757,53;;;;
116,3039111;1757,53;;;;
116,3550491;1757,53;;;;
116,3993031;1757,53;;;;
116,4533913;1757,53;;;;
116,5020707;1757,53;;;;
116,55075;1757,53;;;;
116,5999211;1757,53;;;;
116,6481088;1768,59;;;;
116,6982633;1757,53;;;;
116,7474344;1757,53;;;;
116,7961138;1757,53;;;;
116,8467601;1757,53;;;;
116,8900306;1757,53;;;;
116,945594;1757,53;;;;
116,9927982;1757,53;;;;
117,0429528;1757,53;;;;
117,0926156;1757,53;;;;
117,1398198;1757,53;;;;
117,1899743;1757,53;;;;
117,2391454;1757,53;;;;
117,2878248;1757,53;;;;
117,3384711;1757,53;;;;
117,3812499;1757,53;;;;
117,4363216;1757,53;;;;
117,4850009;1757,53;;;;
117,534172;1768,59;;;;
117,5828514;1757,53;;;;
117,6290723;1757,53;;;;
117,6816853;1768,59;;;;
117,7303647;1757,53;;;;
117,7780607;1757,53;;;;
117,8296904;1768,59;;;;
117,8724692;1768,59;;;;
117,9285243;1757,53;;;;
117,9757285;1757,53;;;;
118,025883;1757,53;;;;
118,073579;1757,53;;;;
118,1237335;1757,53;;;;
118,1743798;1757,53;;;;
118,2225674;1757,53;;;;
118,26928;1735,95;;;;
118,3209096;1720,87;;;;
118,3641802;1684,73;;;;
118,4197436;1649,1;;;;
118,4669478;1649,1;;;;
118,517594;1649,1;;;;
118,5672569;1617,95;;;;
118,6134777;1617,95;;;;
118,6651073;1617,95;;;;
118,7142784;1617,95;;;;
118,7590241;1617,95;;;;
118,8136041;1617,95;;;;
118,8558912;1617,95;;;;
118,912438;1617,95;;;;
118,9586588;1617,95;;;;
119,0063548;1617,95;;;;
119,060443;1617,95;;;;
119,1061721;1617,95;;;;
119,1553432;1617,95;;;;
119,2069729;1617,95;;;;
119,2536854;1617,95;;;;
119,3053151;1617,95;;;;
119,3505525;1617,95;;;;
119,4031656;1617,95;;;;
119,4498781;1617,95;;;;
119,5015078;1617,95;;;;
119,5472369;1617,95;;;;
119,5959163;1617,95;;;;
119,6500045;1617,95;;;;
119,696717;1617,95;;;;
119,7449047;1617,95;;;;
119,7965344;1617,95;;;;
119,8422635;1617,95;;;;
119,8943848;1617,95;;;;
119,9445394;1617,95;;;;
119,992727;1617,95;;;;
120,0409147;1617,95;;;;
120,0900858;1617,95;;;;
120,1382735;1617,95;;;;
120,1903949;1617,95;;;;
120,2366157;1617,95;;;;
120,2882454;1617,95;;;;
120,3305325;1617,95;;;;
120,3880627;1617,95;;;;
120,4352669;1617,95;;;;
120,484438;1617,95;;;;
120,5336091;1617,95;;;;
120,5803217;1617,95;;;;
120,6319513;1617,95;;;;
120,6811224;1617,95;;;;
120,7283267;1617,95;;;;
120,7799564;1617,95;;;;
120,8222435;1617,95;;;;
120,879282;1617,95;;;;
120,9215691;1638,54;;;;
120,9776242;1617,95;;;;
121,0218782;1617,95;;;;
121,0735078;1617,95;;;;
121,1226789;1617,95;;;;
121,1733252;1617,95;;;;
121,2185626;1617,95;;;;
121,2721591;1617,95;;;;
121,3134628;1617,95;;;;
121,3714847;1617,95;;;;
121,4181972;1617,95;;;;
121,4673683;1617,95;;;;
121,5165394;1617,95;;;;
121,5642354;1617,95;;;;
121,6143899;1617,95;;;;
121,6640527;1617,95;;;;
121,7102736;1617,95;;;;
121,7628866;1617,95;;;;
121,8056655;1617,95;;;;
121,862704;1617,95;;;;
121,9099082;1617,95;;;;
121,9590793;1617,95;;;;
122,0097256;1617,95;;;;
122,0569298;1617,95;;;;
122,1051175;1617,95;;;;
122,1557637;1617,95;;;;
122,2044431;1617,95;;;;
122,2526308;1617,95;;;;
122,2993433;1617,95;;;;
122,3539233;1617,95;;;;
122,4026027;1617,95;;;;
122,4502986;1617,95;;;;
122,4999614;1617,95;;;;
122,5476574;1617,95;;;;
122,5968285;1617,95;;;;
122,6479664;1617,95;;;;
122,6956624;1617,95;;;;
122,7463086;1617,95;;;;
122,7905626;1617,95;;;;
122,8456343;1617,95;;;;
122,8928385;1617,95;;;;
122,9425013;1617,95;;;;
122,9852802;1617,95;;;;
123,0398601;1583,27;;;;
123,0875561;1549,08;;;;
123,1391857;1535,11;;;;
123,1834397;1535,11;;;;
123,2390031;1515,4;;;;
123,2812902;1505,42;;;;
123,3368536;1482,2;;;;
123,3830744;1482,2;;;;
123,434704;1482,2;;;;
123,4833834;1482,2;;;;
123,530096;1482,2;;;;
123,5797588;1482,2;;;;
123,6308967;1482,2;;;;
123,678101;1482,2;;;;
123,7292389;1482,2;;;;
123,7734929;1482,2;;;;
123,8285646;1482,2;;;;
123,8742937;1482,2;;;;
123,9259233;1482,2;;;;
123,9750944;1482,2;;;;
124,0222987;1482,2;;;;
124,0714698;1482,2;;;;
124,1230994;1482,2;;;;
124,1683369;1482,2;;;;
124,2214416;1482,2;;;;
124,2652039;1482,2;;;;
124,3202756;1482,2;;;;
124,3684632;1482,2;;;;
124,4171426;1482,2;;;;
124,4628717;1482,2;;;;
124,5125346;1482,2;;;;
124,5626891;1482,2;;;;
124,6143187;1482,2;;;;
124,6570976;1482,2;;;;
124,7141361;1482,2;;;;
124,7554398;1482,2;;;;
124,8119866;1482,2;;;;
124,8582074;1482,2;;;;
124,9083619;1482,2;;;;
124,9550745;1482,2;;;;
125,0076875;1482,2;;;;
125,0534167;1482,2;;;;
125,1065214;1482,2;;;;
125,153234;1482,2;;;;
125,2043719;1482,2;;;;
125,2486259;1482,2;;;;
125,3032058;1482,2;;;;
125,3509018;1482,2;;;;
125,4005646;1482,2;;;;
125,4462937;1482,2;;;;
125,4974317;1482,2;;;;
125,5451277;1482,2;;;;
125,5982324;1482,2;;;;
125,6434699;1482,2;;;;
125,6960829;1482,2;;;;
125,7383701;1482,2;;;;
125,796392;1482,2;;;;
125,840646;1482,2;;;;
125,8922756;1482,2;;;;
125,9404633;1482,2;;;;
125,9871758;1482,2;;;;
126,0373304;1482,2;;;;
126,0899434;1482,2;;;;
126,1376394;1482,2;;;;
126,1873022;1482,2;;;;
126,2315562;1482,2;;;;
126,2866278;1482,2;;;;
126,3333404;1482,2;;;;
126,3839866;1482,2;;;;
126,4297157;1482,2;;;;
126,4818371;1482,2;;;;
126,5310082;1482,2;;;;
126,5801793;1482,2;;;;
126,6268919;1482,2;;;;
126,6790132;1482,2;;;;
126,7222838;1482,2;;;;
126,7788306;1482,2;;;;
126,8255431;1482,2;;;;
126,8761893;1482,2;;;;
126,9229019;1482,2;;;;
126,9705978;1482,2;;;;
127,0232109;1482,2;;;;
127,0718903;1482,2;;;;
127,1205697;1482,2;;;;
127,1717076;1482,2;;;;
127,2135031;1482,2;;;;
127,2710333;1482,2;;;;
127,3177458;1482,2;;;;
127,3674086;1482,2;;;;
127,4155963;1482,2;;;;
127,4623088;1482,2;;;;
127,5144302;1482,2;;;;
127,5645847;1482,2;;;;
127,6108056;1482,2;;;;
127,6624352;1482,2;;;;
127,7052141;1482,2;;;;
127,7627443;1482,2;;;;
127,8069983;1482,2;;;;
127,8596113;1482,2;;;;
127,9048487;1482,2;;;;
127,9540198;1482,2;;;;
128,0051578;1482,2;;;;
128,0553123;1482,2;;;;
128,1030083;1482,2;;;;
128,1541462;1482,2;;;;
128,1979085;1482,2;;;;
128,2529801;1482,2;;;;
128,299201;1449,5;;;;
128,3508306;1417,28;;;;
128,3965597;1407,73;;;;
128,4491728;1376,14;;;;
128,4973605;1376,14;;;;
128,547515;1376,14;;;;
128,5961944;1376,14;;;;
128,6463489;1376,14;;;;
128,6886361;1376,14;;;;
128,7456746;1376,14;;;;
128,7923871;1376,14;;;;
128,8425416;1376,14;;;;
128,8872873;1376,14;;;;
128,9384253;1376,14;;;;
128,9905466;1376,14;;;;
129,0387343;1376,14;;;;
129,0859386;1376,14;;;;
129,1380599;1376,14;;;;
129,1813305;1376,14;;;;
129,2359104;1376,14;;;;
129,2845898;1376,14;;;;
129,3337609;1376,14;;;;
129,3824403;1376,14;;;;
129,4316114;1376,14;;;;
129,4783239;1376,14;;;;
129,5314287;1376,14;;;;
129,5766661;1376,14;;;;
129,6292792;1376,14;;;;
129,6715664;1376,14;;;;
129,7290966;1376,14;;;;
129,7733505;1376,14;;;;
129,8264553;1376,14;;;;
129,8721845;1376,14;;;;
129,9238141;1376,14;;;;
129,9715101;1376,14;;;;
130,0221563;1376,14;;;;
130,0683771;1376,14;;;;
130,1204985;1376,14;;;;
130,1652442;1376,14;;;;
130,2203158;1376,14;;;;
130,2675201;1376,14;;;;
130,3171829;1376,14;;;;
130,3638955;1376,14;;;;
130,4150334;1376,14;;;;
130,4622377;1376,14;;;;
130,5148507;1376,14;;;;
130,5605799;1376,14;;;;
130,6131929;1376,14;;;;
130,6549884;1376,14;;;;
130,7125186;1376,14;;;;
130,757756;1376,14;;;;
130,8088939;1376,14;;;;
130,8541313;1376,14;;;;
130,9062527;1376,14;;;;
130,9559155;1376,14;;;;
131,0050866;1376,14;;;;
131,0517991;1376,14;;;;
131,1044122;1376,14;;;;
131,1496496;1376,14;;;;
131,2027544;1376,14;;;;
131,2504504;1376,14;;;;
131,3006049;1376,14;;;;
131,3478092;1376,14;;;;
131,3955051;1376,14;;;;
131,4466431;1376,14;;;;
131,4972893;1376,14;;;;
131,5444936;1376,14;;;;
131,5951398;1376,14;;;;
131,6393938;1376,14;;;;
131,6954488;1376,14;;;;
131,7401945;1376,14;;;;
131,7923159;1376,14;;;;
131,8370616;1376,14;;;;
131,8881996;1376,14;;;;
131,9368789;1376,14;;;;
131,9899837;1376,14;;;;
132,0352211;1376,14;;;;
132,0878342;1376,14;;;;
132,1286462;1376,14;;;;
132,1871598;1376,14;;;;
132,2314138;1376,14;;;;
132,2845186;1376,14;;;;
132,3312312;1376,14;;;;
132,3799106;1376,14;;;;
132,4295734;1376,14;;;;
132,4807113;1376,14;;;;
132,5274239;1376,14;;;;
132,5790535;1376,14;;;;
132,6213407;1376,14;;;;
132,6783791;1376,14;;;;
132,7246;1376,14;;;;
132,7752462;1376,14;;;;
132,8204836;1376,14;;;;
132,8745718;1376,14;;;;
132,9183341;1376,14;;;;
132,9714389;1376,14;;;;
133,0191349;1376,14;;;;
133,0707645;1376,14;;;;
133,1140351;1376,14;;;;
133,1695984;1376,14;;;;
133,2172944;1348,54;;;;
133,2659738;1314,37;;;;
133,3141615;1275,26;;;;
133,3623491;1257,84;;;;
133,4115202;1249,03;;;;
133,4636416;1275,26;;;;
133,5098624;1245,68;;;;
133,5610004;1249,03;;;;
133,6047627;1219,86;;;;
133,6613094;1219,86;;;;
133,7070385;1219,86;;;;
133,7586682;1219,86;;;;
133,8053807;1219,86;;;;
133,8555353;1219,86;;;;
133,9051981;1219,86;;;;
133,9553526;1219,86;;;;
134,0015734;1219,86;;;;
134,0536948;1219,86;;;;
134,0964737;1219,86;;;;
134,1535121;1219,86;;;;
134,2012081;1219,86;;;;
134,2498875;1219,86;;;;
134,2980752;1219,86;;;;
134,3452794;1219,86;;;;
134,3974008;1219,86;;;;
134,4460802;1219,86;;;;
134,4942679;1219,86;;;;
134,5449141;1219,86;;;;
134,5886764;1219,86;;;;
134,6452231;1219,86;;;;
134,6904605;1219,86;;;;
134,7420902;1219,86;;;;
134,7858525;1219,86;;;;
134,8389573;1219,86;;;;
134,8881284;1219,86;;;;
134,9382829;1219,86;;;;
134,9854871;1219,86;;;;
135,0366251;1219,86;;;;
135,0798957;1219,86;;;;
135,1359507;1219,86;;;;
135,1787296;1219,86;;;;
135,2338012;1219,86;;;;
135,2814972;1219,86;;;;
135,3291931;1219,86;;;;
135,3778725;1219,86;;;;
135,4304856;1219,86;;;;
135,4752313;1219,86;;;;
135,5288278;1219,86;;;;
135,5711149;1219,86;;;;
135,6276617;1219,86;;;;
135,6753577;1219,86;;;;
135,7240371;1219,86;;;;
135,7727165;1219,86;;;;
135,8204124;1219,86;;;;
135,8710587;1219,86;;;;
135,9217049;1219,86;;;;
135,9664506;1219,86;;;;
136,0215222;1219,86;;;;
136,0633177;1219,86;;;;
136,118881;1219,86;;;;
136,1616599;1219,86;;;;
136,2172232;1219,86;;;;
136,263444;1219,86;;;;
136,3116317;1219,86;;;;
136,3617862;1219,86;;;;
136,4129242;1219,86;;;;
136,4601284;1219,86;;;;
136,5112664;1219,86;;;;
136,5555204;1219,86;;;;
136,6101003;1219,86;;;;
136,6563211;1219,86;;;;
136,7079508;1219,86;;;;
136,755155;1219,86;;;;
136,7999007;1219,86;;;;
136,8520221;1219,86;;;;
136,9056186;1219,86;;;;
136,9513477;1219,86;;;;
137,0034691;1219,86;;;;
137,0467397;1219,86;;;;
137,0968942;1219,86;;;;
137,1519658;1219,86;;;;
137,1981866;1219,86;;;;
137,2473577;1219,86;;;;
137,294562;1219,86;;;;
137,3456999;1219,86;;;;
137,3958545;1219,86;;;;
137,4445339;1219,86;;;;
137,493705;1219,86;;;;
137,5384507;1219,86;;;;
137,5945057;1219,86;;;;
137,6387597;1219,86;;;;
137,6908811;1219,86;;;;
137,7380853;1219,86;;;;
137,7867647;1219,86;;;;
137,8383944;1219,86;;;;
137,8870738;1219,86;;;;
137,9328029;1191,15;;;;
137,9859077;1162,9;;;;
138,0306534;1138,24;;;;
138,085725;1107,74;;;;
138,1309624;1083,87;;;;
138,1821004;1099,64;;;;
138,2283212;1072,86;;;;
138,2804426;1072,86;;;;
138,3296137;1083,87;;;;
138,3787848;1083,87;;;;
138,4274641;1083,87;;;;
138,4776187;1083,87;;;;
138,5228561;1083,87;;;;
138,5764526;1083,87;;;;
138,6226734;1083,87;;;;
138,6743031;1083,87;;;;
138,721999;1075,89;;;;
138,7721536;1083,87;;;;
138,8198495;1083,87;;;;
138,8714792;1083,87;;;;
138,9181917;1083,87;;;;
138,9693297;1083,87;;;;
139,0116168;1075,89;;;;
139,0686553;1083,87;;;;
139,1148761;1083,87;;;;
139,1660141;1075,89;;;;
139,2122349;1083,87;;;;
139,261406;1075,89;;;;
139,3120522;1083,87;;;;
139,361715;1075,89;;;;
139,4089193;1075,89;;;;
139,460549;1075,89;;;;
139,5052947;1083,87;;;;
139,5588912;1083,87;;;;
139,6021617;1075,89;;;;
139,6582168;1083,87;;;;
139,705421;1075,89;;;;
139,7521336;1075,89;;;;
139,8042549;1075,89;;;;
139,853426;1075,89;;;;
139,9016137;1075,89;;;;
139,95226;1075,89;;;;
139,9979891;1075,89;;;;
140,0515856;1075,89;;;;
140,0987898;1075,89;;;;
140,1479609;1075,89;;;;
140,1961486;1075,89;;;;
140,2438446;1075,89;;;;
140,2915405;1075,89;;;;
140,3461205;1083,87;;;;
140,3884076;1083,87;;;;
140,4454461;1083,87;;;;
140,4867498;1075,89;;;;
140,5423132;1075,89;;;;
140,5895174;1075,89;;;;
140,6406554;1083,87;;;;
140,6868762;1075,89;;;;
140,7375224;1075,89;;;;
140,7862018;1075,89;;;;
140,8373398;1075,89;;;;
140,8840523;1075,89;;;;
140,9351902;1075,89;;;;
140,9789525;1083,87;;;;
141,0340242;1075,89;;;;
141,0807367;1075,89;;;;
141,1303995;1075,89;;;;
141,1795706;1075,89;;;;
141,2272666;1083,87;;;;
141,2769294;1075,89;;;;
141,3280673;1083,87;;;;
141,3747799;1083,87;;;;
141,4249344;1083,87;;;;
141,4701718;1083,87;;;;
141,5252434;1083,87;;;;
141,5734311;1083,87;;;;
141,6216188;1083,87;;;;
141,6707899;1075,89;;;;
141,7175024;1075,89;;;;
141,7696238;1075,89;;;;
141,82027;1075,89;;;;
141,8669826;1075,89;;;;
141,9176288;1075,89;;;;
141,9608994;1075,89;;;;
142,0169544;1083,87;;;;
142,0641587;1083,87;;;;
142,1143132;1075,89;;;;
142,1605341;1083,87;;;;
142,2097052;1083,87;;;;
142,2569094;1083,87;;;;
142,311981;1075,89;;;;
142,3552516;1083,87;;;;
142,4093398;1083,87;;;;
142,4521187;1083,87;;;;
142,5081737;1075,89;;;;
142,5543946;1083,87;;;;
142,6060242;1083,87;;;;
142,6517533;1083,87;;;;
142,7023996;1005,6;;;;
142,7530458;1005,6;;;;
142,8022169;970,08;;;;
142,8459792;972,91;;;;
142,9010508;972,91;;;;
142,9448131;972,91;;;;
142,999393;948,24;;;;
143,047089;965,49;;;;
143,0962601;972,91;;;;
143,1434643;972,91;;;;
143,1941106;972,91;;;;
143,24279;972,91;;;;
143,2944196;972,91;;;;
143,3406405;972,91;;;;
143,3922701;972,91;;;;
143,4355407;972,91;;;;
143,491104;972,91;;;;
143,5383083;972,91;;;;
143,5879711;972,91;;;;
143,6356671;972,91;;;;
143,6848382;972,91;;;;
143,7349927;972,91;;;;
143,7856389;972,91;;;;
143,8298929;972,91;;;;
143,8839811;972,91;;;;
143,9277434;972,91;;;;
143,982815;972,91;;;;
144,0300193;972,91;;;;
144,0791904;972,91;;;;
144,1278698;972,91;;;;
144,175074;972,91;;;;
144,2276871;972,91;;;;
144,2758748;972,91;;;;
144,3220956;972,91;;;;
144,3756921;972,91;;;;
144,4204378;972,91;;;;
144,4740343;972,91;;;;
144,5207469;972,91;;;;
144,5718848;972,91;;;;
144,6205642;972,91;;;;
144,6697353;972,91;;;;
144,717923;972,91;;;;
144,7685692;972,91;;;;
144,81479;965,49;;;;
144,8669114;965,49;;;;
144,9136239;965,49;;;;
144,9652536;972,91;;;;
145,0134413;965,49;;;;
145,0626124;965,49;;;;
145,1122752;972,91;;;;
145,1575126;972,91;;;;
145,2116008;972,91;;;;
145,2597885;972,91;;;;
145,3069927;972,91;;;;
145,3556721;972,91;;;;
145,4028764;972,91;;;;
145,4569646;972,91;;;;
145,5051523;972,91;;;;
145,5543234;972,91;;;;
145,6015276;972,91;;;;
145,6511904;972,91;;;;
145,6983947;972,91;;;;
145,7524829;972,91;;;;
145,7996872;972,91;;;;
145,8498417;972,91;;;;
145,8950791;972,91;;;;
145,9491673;972,91;;;;
145,9953881;972,91;;;;
146,0460344;972,91;;;;
146,0942221;972,91;;;;
146,1429014;972,91;;;;
146,1940394;972,91;;;;
146,2427188;972,91;;;;
146,2889396;972,91;;;;
146,3420444;972,91;;;;
146,3858067;972,91;;;;
146,4403866;972,91;;;;
146,4880826;972,91;;;;
146,5382371;972,91;;;;
146,5869165;972,91;;;;
146,6331373;972,91;;;;
146,6852587;972,91;;;;
146,7349215;972,91;;;;
146,7791755;972,91;;;;
146,8337554;972,91;;;;
146,8794845;972,91;;;;
146,9316059;972,91;;;;
146,9788101;972,91;;;;
147,0299481;972,91;;;;
147,0771523;972,91;;;;
147,1273069;972,91;;;;
147,1740194;972,91;;;;
147,2266325;972,91;;;;
147,2708865;972,91;;;;
147,3249747;972,91;;;;
147,3702121;972,91;;;;
147,4238086;972,91;;;;
147,4710129;972,91;;;;
147,5216591;972,91;;;;
147,5698468;972,91;;;;
147,617051;897,45;;;;
147,664747;853,71;;;;
147,7183435;853,71;;;;
147,7640726;833,66;;;;
147,8166857;833,66;;;;
147,8614314;789,56;;;;
147,9150279;824,42;;;;
147,9627239;826,96;;;;
148,0123867;826,96;;;;
148,0615578;824,42;;;;
148,1092537;826,96;;;;
148,1613751;826,96;;;;
148,2090711;824,42;;;;
148,2572587;826,96;;;;
148,307905;826,96;;;;
148,3511755;826,96;;;;
148,4062472;826,96;;;;
148,45591;826,96;;;;
148,5040977;826,96;;;;
148,5522853;826,96;;;;
148,6019482;826,96;;;;
148,6486607;826,96;;;;
148,7022572;826,96;;;;
148,7474946;826,96;;;;
148,799616;826,96;;;;
148,8458368;826,96;;;;
148,8974665;826,96;;;;
148,9451624;826,96;;;;
148,9967921;826,96;;;;
149,0420295;826,96;;;;
149,092184;826,96;;;;
149,1418468;826,96;;;;
149,1929848;824,42;;;;
149,2411725;826,96;;;;
149,291327;826,96;;;;
149,3365644;826,96;;;;
149,3906526;826,96;;;;
149,4344149;826,96;;;;
149,4889948;826,96;;;;
149,5347239;826,96;;;;
149,5853702;826,96;;;;
149,6345413;833,66;;;;
149,6846958;826,96;;;;
149,7319;826,96;;;;
149,7835297;826,96;;;;
149,8277837;833,66;;;;
149,8818719;826,96;;;;
149,9285844;826,96;;;;
149,9802141;826,96;;;;
150,0274183;826,96;;;;
150,0736392;826,96;;;;
150,123302;826,96;;;;
150,1773902;824,42;;;;
150,2216442;826,96;;;;
150,2752407;826,96;;;;
150,3175278;826,96;;;;
150,3745663;826,96;;;;
150,4188203;826,96;;;;
150,4724168;824,42;;;;
150,5176542;826,96;;;;
150,5668253;826,96;;;;
150,6194384;826,96;;;;
150,6681178;826,96;;;;
150,715322;826,96;;;;
150,7659683;826,96;;;;
150,8112057;826,96;;;;
150,8657856;826,96;;;;
150,9105313;826,96;;;;
150,9631444;826,96;;;;
151,0093652;826,96;;;;
151,0600114;826,96;;;;
151,1091825;826,96;;;;
151,1593371;826,96;;;;
151,2060496;826,96;;;;
151,2586627;826,96;;;;
151,3014415;826,96;;;;
151,3579883;826,96;;;;
151,4037174;826,96;;;;
151,453872;826,96;;;;
151,5025513;826,96;;;;
151,5512307;824,42;;;;
151,6023687;826,96;;;;
151,6505564;826,96;;;;
151,698744;826,96;;;;
151,749882;826,96;;;;
151,7936443;826,96;;;;
151,8487159;826,96;;;;
151,8939533;826,96;;;;
151,9470581;826,96;;;;
151,9903287;826,96;;;;
152,0444169;826,96;;;;
152,093588;826,96;;;;
152,1422674;826,96;;;;
152,1875048;826,96;;;;
152,2420847;826,96;;;;
152,2838801;826,96;;;;
152,341902;824,42;;;;
152,386156;824,42;;;;
152,4387691;826,96;;;;
152,4840065;826,96;;;;
152,5371113;826,96;;;;
152,5813653;826,96;;;;
152,6354535;826,96;;;;
152,6816743;824,42;;;;
152,7323206;826,96;;;;
152,7750994;826,96;;;;
152,8326296;826,96;;;;
152,8798339;724,03;;;;
152,929005;738,45;;;;
152,9771926;759,36;;;;
153,0253803;761,76;;;;
153,0755348;732,28;;;;
153,1256894;753,07;;;;
153,173877;714,19;;;;
153,2245233;711,88;;;;
153,2717275;714,19;;;;
153,3223738;734,63;;;;
153,3725283;734,63;;;;
153,420716;734,63;;;;
153,4693953;734,63;;;;
153,5195499;734,63;;;;
153,5682293;734,63;;;;
153,6183838;734,63;;;;
153,6660797;734,63;;;;
153,7152508;734,63;;;;
153,7654054;734,63;;;;
153,8140848;734,63;;;;
153,8627641;734,63;;;;
153,912427;734,63;;;;
153,9620898;734,63;;;;
154,0102774;734,63;;;;
154,060432;734,63;;;;
154,1091114;734,63;;;;
154,1587742;734,63;;;;
154,2074536;734,63;;;;
154,2566247;734,63;;;;
154,3057958;734,63;;;;
154,3559503;734,63;;;;
154,404138;734,63;;;;
154,4528173;734,63;;;;
154,5019884;734,63;;;;
154,5516513;734,63;;;;
154,6013141;734,63;;;;
154,64901;734,63;;;;
154,6991646;734,63;;;;
154,7478439;734,63;;;;
154,7979985;734,63;;;;
154,8471696;734,63;;;;
154,895849;734,63;;;;
154,9450201;734,63;;;;
154,9936994;734,63;;;;
155,0423788;734,63;;;;
155,0930251;734,63;;;;
155,1412127;734,63;;;;
155,1908756;734,63;;;;
155,2405384;734,63;;;;
155,288726;734,63;;;;
155,3383889;734,63;;;;
155,38756;734,63;;;;
155,4357476;734,63;;;;
155,4859022;734,63;;;;
155,535565;734,63;;;;
155,5837526;734,63;;;;
155,6334155;734,63;;;;
155,6816031;734,63;;;;
155,7317577;734,63;;;;
155,780437;734,63;;;;
155,8300999;734,63;;;;
155,879271;734,63;;;;
155,9279503;734,63;;;;
155,9771214;734,63;;;;
156,027276;734,63;;;;
156,0759554;734,63;;;;
156,1246347;734,63;;;;
156,1733141;734,63;;;;
156,2229769;734,63;;;;
156,2716563;734,63;;;;
156,3218109;734,63;;;;
156,3704902;734,63;;;;
156,4201531;734,63;;;;
156,4683407;734,63;;;;
156,5175118;734,63;;;;
156,5671746;734,63;;;;
156,615854;734,63;;;;
156,6650251;734,63;;;;
156,7141962;734,63;;;;
156,7643508;734,63;;;;
156,8125384;734,63;;;;
156,8622012;734,63;;;;
156,9113723;734,63;;;;
156,9605434;734,63;;;;
157,0087311;734,63;;;;
157,0564271;734,63;;;;
157,107565;734,63;;;;
157,1562444;726,14;;;;
157,2054155;639,68;;;;
157,25557;639,68;;;;
157,3047411;656,5;;;;
157,3539122;624,47;;;;
157,4045585;656,5;;;;
157,4497959;656,5;;;;
157,5009338;656,5;;;;
157,5496132;656,5;;;;
157,599276;656,5;;;;
157,6489388;656,5;;;;
157,6976182;656,5;;;;
157,7467893;656,5;;;;
157,7964521;656,5;;;;
157,8451315;656,5;;;;
157,8943026;656,5;;;;
157,9439654;656,5;;;;
157,9926448;656,5;;;;
158,0418159;656,5;;;;
158,090987;656,5;;;;
158,1401581;656,5;;;;
158,1893292;656,5;;;;
158,2380086;656,5;;;;
158,2881631;656,5;;;;
158,3363508;656,5;;;;
158,3860136;656,5;;;;
158,4356764;656,5;;;;
158,4848475;639,68;;;;
158,5335269;656,5;;;;
158,5817146;656,5;;;;
158,6313774;656,5;;;;
158,6810402;656,5;;;;
158,7292279;656,5;;;;
158,7793824;656,5;;;;
158,8280618;656,5;;;;
158,8772329;656,5;;;;
158,9273874;656,5;;;;
158,9760668;656,5;;;;
159,0252379;656,5;;;;
159,074409;656,5;;;;
159,1230884;656,5;;;;
159,1717678;656,5;;;;
159,2219223;656,5;;;;
159,2710934;656,5;;;;
159,3202645;656,5;;;;
159,3699273;656,5;;;;
159,4186067;656,5;;;;
159,4677778;656,5;;;;
159,5169489;656,5;;;;
159,56612;656,5;;;;
159,6147994;656,5;;;;
159,6644622;656,5;;;;
159,7136333;656,5;;;;
159,7632961;656,5;;;;
159,8114838;656,5;;;;
159,8616383;656,5;;;;
159,9103177;656,5;;;;
159,9580137;656,5;;;;
160,0086599;656,5;;;;
160,057831;656,5;;;;
160,1070021;656,5;;;;
160,1566649;656,5;;;;
160,2053443;656,5;;;;
160,2545154;656,5;;;;
160,3031948;656,5;;;;
160,3523659;656,5;;;;
160,4020287;656,5;;;;
160,4516915;656,5;;;;
160,5003709;656,5;;;;
160,5490503;656,5;;;;
160,5982214;656,5;;;;
160,6469008;656,5;;;;
160,6960719;656,5;;;;
160,7477016;656,5;;;;
160,7958892;656,5;;;;
160,8440769;656,5;;;;
160,8937397;656,5;;;;
160,9424191;656,5;;;;
160,9920819;656,5;;;;
161,0402696;656,5;;;;
161,0899324;656,5;;;;
161,1410704;656,5;;;;
161,1887663;656,5;;;;
161,2389209;656,5;;;;
161,2871085;656,5;;;;
161,3362796;656,5;;;;
161,3854507;656,5;;;;
161,4336384;656,5;;;;
161,4828095;656,5;;;;
161,5324723;656,5;;;;
161,5816434;656,5;;;;
161,6303228;656,5;;;;
161,6804773;656,5;;;;
161,7296484;656,5;;;;
161,7783278;656,5;;;;
161,8240569;656,5;;;;
161,8786369;658,68;;;;
161,9238743;656,5;;;;
161,9745205;656,5;;;;
162,0236916;656,5;;;;
162,0733544;656,5;;;;
162,1225255;656,5;;;;
162,1712049;656,5;;;;
162,2223429;656,5;;;;
162,2705305;656,5;;;;
162,3187182;656,5;;;;
162,3678893;656,5;;;;
162,4165687;656,5;;;;
162,4657398;656,5;;;;
162,516386;656,5;;;;
162,5650654;637,54;;;;
162,6132531;563,37;;;;
162,6629159;539,48;;;;
162,7125787;554,5;;;;
162,7612581;537,57;;;;
162,8109209;525,91;;;;
162,8596003;524,03;;;;
162,9082797;524,03;;;;
162,9579425;540,67;;;;
163,0061302;524,03;;;;
163,055793;530,86;;;;
163,1049641;525,91;;;;
163,1531518;524,03;;;;
163,2047814;524,03;;;;
163,2524774;524,03;;;;
163,3016485;522,15;;;;
163,3508196;524,03;;;;
163,4004824;524,03;;;;
163,4496535;524,03;;;;
163,4983329;522,15;;;;
163,547504;524,03;;;;
163,5966751;524,03;;;;
163,6463379;524,03;;;;
163,695509;524,03;;;;
163,7441884;524,03;;;;
163,7933595;524,03;;;;
163,8430223;524,03;;;;
163,8921934;524,03;;;;
163,9408728;522,15;;;;
163,9900439;512,56;;;;
164,039215;522,15;;;;
164,0878944;522,15;;;;
164,1375572;522,15;;;;
164,18722;522,15;;;;
164,2358994;524,03;;;;
164,2850705;524,03;;;;
164,3342416;524,03;;;;
164,3834127;524,03;;;;
164,4330755;522,15;;;;
164,4812632;524,03;;;;
164,5304343;524,03;;;;
164,5805888;528,97;;;;
164,6287765;524,03;;;;
164,6784393;524,03;;;;
164,7271187;524,03;;;;
164,7772732;524,03;;;;
164,8254609;524,03;;;;
164,8751237;522,15;;;;
164,9238031;524,03;;;;
164,9729742;524,03;;;;
165,022637;524,03;;;;
165,0718081;524,03;;;;
165,1204875;524,03;;;;
165,1701503;528,97;;;;
165,218338;524,03;;;;
165,2675091;524,03;;;;
165,3171719;522,15;;;;
165,366343;524,03;;;;
165,4155141;524,03;;;;
165,4646852;524,03;;;;
165,514348;524,03;;;;
165,5640108;522,15;;;;
165,6117068;524,03;;;;
165,662353;524,03;;;;
165,7105407;524,03;;;;
165,7606952;522,15;;;;
165,8088829;524,03;;;;
165,8570706;524,03;;;;
165,9077168;524,03;;;;
165,9559045;524,03;;;;
166,0050756;522,15;;;;
166,0547384;512,56;;;;
166,1039095;524,03;;;;
166,150622;524,03;;;;
166,2012683;524,03;;;;
166,2524062;512,56;;;;
166,2996105;522,15;;;;
166,3492733;524,03;;;;
166,3979527;512,56;;;;
166,4471238;522,15;;;;
166,4967866;522,15;;;;
166,5459577;512,56;;;;
166,5941454;507,72;;;;
166,6452833;522,15;;;;
166,6924876;522,15;;;;
166,7421504;524,03;;;;
166,7918132;524,03;;;;
166,8409843;507,72;;;;
166,889172;522,15;;;;
166,9393265;512,56;;;;
166,9875142;524,03;;;;
167,037177;512,56;;;;
167,0863481;512,56;;;;
167,1355192;512,56;;;;
167,1841986;512,56;;;;
167,2358282;512,56;;;;
167,282049;507,72;;;;
167,3317119;432,29;;;;
167,3818664;379,33;;;;
167,4305458;377,82;;;;
167,4792252;368,61;;;;
167,528888;363,25;;;;
167,5775674;395,29;;;;
167,6277219;381,79;;;;
167,6759096;381,79;;;;
167,7260641;381,79;;;;
167,7747435;381,79;;;;
167,8253897;381,79;;;;
167,8735774;381,79;;;;
167,9222568;381,79;;;;
167,9719196;381,79;;;;
168,0210907;381,79;;;;
168,0697701;381,79;;;;
168,120908;389,68;;;;
168,168604;381,79;;;;
168,2172834;381,79;;;;
168,2669462;381,79;;;;
168,3151339;381,79;;;;
168,3652884;381,79;;;;
168,4134761;381,79;;;;
168,4631389;381,79;;;;
168,5108348;381,79;;;;
168,5624645;381,79;;;;
168,6106522;381,79;;;;
168,6598233;381,79;;;;
168,7089944;381,79;;;;
168,7581655;381,79;;;;
168,8073366;381,79;;;;
168,8565077;381,79;;;;
168,9056788;381,79;;;;
168,9548499;381,79;;;;
169,004021;381,79;;;;
169,0531921;381,79;;;;
169,1023632;381,79;;;;
169,1515343;381,79;;;;
169,1997219;381,79;;;;
169,2498765;381,79;;;;
169,300031;381,79;;;;
169,347727;381,79;;;;
169,3973898;381,79;;;;
169,4460692;381,79;;;;
169,4976988;381,79;;;;
169,5449031;381,79;;;;
169,5940742;377,82;;;;
169,6427536;381,79;;;;
169,6914329;381,79;;;;
169,7415875;381,79;;;;
169,7907586;381,79;;;;
169,839438;381,79;;;;
169,8881173;381,79;;;;
169,9382719;389,68;;;;
169,987443;381,79;;;;
170,0351389;381,79;;;;
170,0857852;381,79;;;;
170,1344646;381,79;;;;
170,1846191;381,79;;;;
170,2328068;381,79;;;;
170,2824696;381,79;;;;
170,331149;381,79;;;;
170,3803201;381,79;;;;
170,4294912;389,68;;;;
170,4801374;381,79;;;;
170,5268499;381,79;;;;
170,5770045;381,79;;;;
170,6261756;381,79;;;;
170,6753467;381,79;;;;
170,724026;381,79;;;;
170,7736889;381,79;;;;
170,82286;381,79;;;;
170,8720311;381,79;;;;
170,9207104;381,79;;;;
170,9703733;381,79;;;;
171,0195444;377,82;;;;
171,0682237;389,68;;;;
171,1173948;381,79;;;;
171,1685328;381,79;;;;
171,2147536;381,79;;;;
171,2653999;381,79;;;;
171,3140792;381,79;;;;
171,3627586;381,79;;;;
171,4124214;381,79;;;;
171,4615925;381,79;;;;
171,5112554;381,79;;;;
171,5599347;381,79;;;;
171,607139;381,79;;;;
171,6587687;377,82;;;;
171,707448;389,68;;;;
171,7580943;381,79;;;;
171,8057902;381,79;;;;
171,8544696;381,79;;;;
171,906591;381,79;;;;
171,9518284;381,79;;;;
172,0024746;381,79;;;;
172,051154;381,79;;;;
172,1008168;381,79;;;;
172,1504797;381,79;;;;
172,1996508;381,79;;;;
172,2483301;381,79;;;;
172,2975012;381,79;;;;
172,3471641;381,79;;;;
172,3958434;381,79;;;;
172,4450145;389,68;;;;
172,4936939;341,74;;;;
172,5423733;266,01;;;;
172,5925278;242,2;;;;
172,6421907;235,36;;;;
172,69087;182,6;;;;
172,7395494;182,6;;;;
172,7892122;176,94;;;;
172,8378916;174,56;;;;
172,8870627;169,07;;;;
172,9357421;174,56;;;;
172,9849132;174,56;;;;
173,0350677;174,56;;;;
173,0837471;174,56;;;;
173,1329182;174,56;;;;
173,1815976;174,56;;;;
173,2312604;174,56;;;;
173,2789564;174,56;;;;
173,3281275;174,56;;;;
173,3772986;174,56;;;;
173,4269614;174,56;;;;
173,4756408;174,56;;;;
173,5248119;174,56;;;;
173,573983;169,07;;;;
173,6226624;173,66;;;;
173,6718335;174,56;;;;
173,7210046;174,56;;;;
173,7691923;174,56;;;;
173,8188551;173,66;;;;
173,8675345;174,56;;;;
173,9162139;174,56;;;;
173,9658767;176,94;;;;
174,0140643;174,56;;;;
174,0632354;174,56;;;;
174,1128983;174,56;;;;
174,1615776;174,56;;;;
174,2107487;176,94;;;;
174,2599198;174,56;;;;
174,3085992;174,56;;;;
174,358262;174,56;;;;
174,4064497;174,56;;;;
174,4556208;173,66;;;;
174,5052836;176,94;;;;
174,5524879;174,56;;;;
174,6031341;174,56;;;;
174,6518135;174,56;;;;
174,7000012;176,94;;;;
174,7501557;174,56;;;;
174,7988351;174,56;;;;
174,8475145;174,56;;;;
174,8981607;176,94;;;;
174,9448733;174,56;;;;
174,9940444;174,56;;;;
175,0446906;169,07;;;;
175,0918949;174,56;;;;
175,1420494;174,56;;;;
175,1917122;176,94;;;;
175,2398999;169,07;;;;
175,2900544;169,07;;;;
175,3382421;176,94;;;;
175,3869215;174,56;;;;
175,437076;169,07;;;;
175,4857554;174,56;;;;
175,5334513;174,56;;;;
175,5840976;169,07;;;;
175,632777;169,07;;;;
175,6809646;169,07;;;;
175,7311192;169,07;;;;
175,7802903;169,07;;;;
175,8284779;169,07;;;;
175,8791242;169,07;;;;
175,9278036;169,07;;;;
175,9764829;169,96;;;;
176,0266375;169,07;;;;
176,0738417;174,56;;;;
176,1239962;174,56;;;;
176,1726756;169,07;;;;
176,2208633;169,07;;;;
176,2710178;169,07;;;;
176,3201889;169,07;;;;
176,3683766;169,96;;;;
176,4180394;169,96;;;;
176,4681939;169,07;;;;
176,5149065;174,56;;;;
176,565061;169,96;;;;
176,6147238;176,94;;;;
176,6619281;176,94;;;;
176,713066;169,07;;;;
176,7617454;174,56;;;;
176,8089497;169,07;;;;
176,8586125;169,07;;;;
176,9097504;169,07;;;;
176,9569547;169,07;;;;
177,0071092;169,07;;;;
177,056772;169,07;;;;
177,1049597;174,56;;;;
177,1541308;153,21;;;;
177,2033019;109,29;;;;
177,2514896;69,79;;;;
177,3006607;43,15;;;;
177,3498318;25,86;;;;
177,3990029;18,29;;;;
177,448174;11,44;;;;
177,4978368;10,2;;;;
177,5470079;10,06;;;;
177,5966707;10,06;;;;
177,6453501;10,06;;;;
177,6940295;10,06;;;;
177,7436923;10,06;;;;
177,7928634;10,06;;;;
177,8420345;10,06;;;;
177,8907139;10,06;;;;
177,939885;10,06;;;;
177,9885644;10,06;;;;
178,0387189;10,06;;;;
178,0869066;10,06;;;;
178,1365694;10,06;;;;
178,1852488;10,06;;;;
178,2349116;10,06;;;;
178,2830992;10,06;;;;
178,3322703;10,06;;;;
178,3819332;10,06;;;;
178,4306125;10,06;;;;
178,4797836;10,06;;;;
178,528463;10,06;;;;
178,5781258;10,06;;;;
178,6272969;10,06;;;;
178,6769598;10,06;;;;
178,7246557;10,06;;;;
178,7743185;10,06;;;;
178,8234896;10,06;;;;
178,8726607;10,06;;;;
178,9218318;10,06;;;;
178,9710029;10,06;;;;
179,0196823;10,06;;;;
179,0688534;10,06;;;;
179,1180245;10,06;;;;
179,1671956;10,06;;;;
179,215875;10,06;;;;
179,2655378;9,39;;;;
179,3142172;9,05;;;;
179,3633883;9,05;;;;
179,4125594;9,05;;;;
179,4617305;8,93;;;;
179,5104099;9,05;;;;
179,5585976;9,05;;;;
179,6092438;5,38;;;;
179,6579232;9,13;;;;
179,7066026;12,62;;;;
179,7562654;11,44;;;;
179,8049448;12,62;;;;
179,8541159;12,62;;;;
179,903287;12,62;;;;
179,9529498;12,62;;;;
180,0026126;12,62;;;;
180,0508003;12,62;;;;
180,1004631;12,62;;;;
180,1486508;12,62;;;;
180,1983136;12,21;;;;
180,2465013;12,62;;;;
180,2961641;12,62;;;;
180,3448435;12,21;;;;
180,3940146;12,21;;;;
180,4441691;12,62;;;;
180,4928485;12,62;;;;
180,5420196;12,62;;;;
180,5911907;12,62;;;;
180,6398701;12,62;;;;
180,6890412;12,21;;;;
180,7377206;12,21;;;;
180,7873834;11,83;;;;
180,879825;12,62;;;;
180,9811175;11,44;;;;
181,0814265;12,62;;;;
181,1807522;12,62;;;;
181,2790944;12,62;;;;
181,3764531;12,62;;;;
181,4757788;12,21;;;;
181,574121;12,62;;;;
181,6704963;12,62;;;;
181,7698219;12,62;;;;
181,8691476;12,62;;;;
181,9655229;12,21;;;;
182,0638651;12,21;;;;
182,1631907;12,21;;;;
182,2605495;11,44;;;;
182,3579083;11,44;;;;
182,4562505;11,44;;;;
182,5555761;12,21;;;;
182,6539183;11,44;;;;
182,7502937;11,44;;;;
182,8515861;11,44;;;;
182,9489449;11,44;;;;
183,0463037;11,44;;;;
183,1446459;11,44;;;;
183,2429881;11,44;;;;
183,3423137;11,44;;;;
183,4416393;12,21;;;;
183,5360479;11,44;;;;
183,6353735;11,44;;;;
183,7356825;15,46;;;;
183,8320579;24,33;;;;
183,9313835;38,39;;;;
184,0297257;56,17;;;;
184,1270845;76,56;;;;
184,2244433;94,75;;;;
184,3227855;100,74;;;;
184,4211277;104;;;;
184,5204533;104,64;;;;
184,6168286;104,64;;;;
184,7171377;104,64;;;;
184,8144965;104,64;;;;
184,9128387;104;;;;
185,0121643;104;;;;
185,1085396;104,64;;;;
185,2078653;106,33;;;;
185,3062075;109,71;;;;
185,4035662;104;;;;
185,500925;104,64;;;;
185,6012341;104,64;;;;
185,6985928;104;;;;
185,796935;104,64;;;;
185,8952772;104,64;;;;
185,9946029;104,64;;;;
186,0919616;104,64;;;;
186,1903038;104,64;;;;
186,2876626;104;;;;
186,3869882;104,64;;;;
186,4853304;104,64;;;;
186,5836726;104,64;;;;
186,6829983;104,64;;;;
186,7783902;104,64;;;;
186,8777158;104,64;;;;
186,976058;104,64;;;;
187,0744002;104;;;;
187,1727424;104,64;;;;
187,2710846;104,64;;;;
187,3704102;104;;;;
187,467769;104;;;;
187,5661112;104;;;;
187,6644534;104,64;;;;
187,7618122;104;;;;
187,8581876;104;;;;
187,9584966;104;;;;
188,0558554;104;;;;
188,1561644;104;;;;
188,2545066;104,64;;;;
188,350882;148,68;;;;
188,4492242;186,58;;;;
188,5485498;217,21;;;;
188,646892;265,56;;;;
188,7462176;274,18;;;;
188,8435764;320,59;;;;
188,9419186;310,18;;;;
189,0402608;369,53;;;;
189,138603;356,64;;;;
189,2379286;365,65;;;;
189,3352874;365,65;;;;
189,4326462;365,65;;;;
189,5319718;369,53;;;;
189,6293306;369,53;;;;
189,7286562;365,65;;;;
189,826015;369,53;;;;
189,9233738;369,53;;;;
190,0236828;369,53;;;;
190,1230084;369,53;;;;
190,2193838;369,53;;;;
190,3187094;369,53;;;;
190,4170516;369,53;;;;
190,5144104;369,53;;;;
190,613736;369,53;;;;
190,7110948;369,53;;;;
190,809437;369,53;;;;
190,9077792;369,53;;;;
191,0061214;369,53;;;;
191,1044636;369,53;;;;
191,2018224;369,53;;;;
191,2991811;369,53;;;;
191,3994902;369,53;;;;
191,4978324;369,53;;;;
191,5951912;369,53;;;;
191,6935334;369,53;;;;
191,7918756;369,53;;;;
191,8882509;369,53;;;;
191,9895434;369,53;;;;
192,088869;369,53;;;;
192,1852444;369,53;;;;
192,28457;369,53;;;;
192,3809453;369,53;;;;
192,480271;369,53;;;;
192,5786132;369,53;;;;
192,6769554;369,53;;;;
192,7752976;369,53;;;;
192,8726563;369,53;;;;
192,9709985;369,53;;;;
193,0693407;369,53;;;;
193,1686664;369,53;;;;
193,267992;482,99;;;;
193,3633839;452,45;;;;
193,4627095;469,29;;;;
193,5610517;513,71;;;;
193,6584105;480,11;;;;
193,7587196;513,71;;;;
193,8550949;497,63;;;;
193,9475366;525,2;;;;
194,0547296;499,44;;;;
194,1511049;497,63;;;;
194,2484637;499,44;;;;
194,3458225;499,44;;;;
194,4451481;497,63;;;;
194,5434903;499,44;;;;
194,6428159;499,44;;;;
194,7411581;499,44;;;;
194,8395003;499,44;;;;
194,9378425;499,44;;;;
195,0342179;497,63;;;;
195,1335435;497,63;;;;
195,2318857;499,44;;;;
195,3292445;499,44;;;;
195,4285701;497,63;;;;
195,5269123;497,63;;;;
195,6242711;492,88;;;;
195,7226133;497,63;;;;
195,8189886;497,63;;;;
195,9202811;499,44;;;;
196,015673;499,44;;;;
196,1179489;499,44;;;;
196,2143243;492,88;;;;
196,3116831;499,44;;;;
196,4100253;499,44;;;;
196,5093509;499,44;;;;
196,6057262;499,44;;;;
196,7070187;497,63;;;;
196,8033941;499,44;;;;
196,9017363;499,44;;;;
197,0020453;499,44;;;;
197,0974372;499,44;;;;
197,1977463;499,44;;;;
197,2951051;499,44;;;;
197,3934473;499,44;;;;
197,490806;499,44;;;;
197,5911151;499,44;;;;
197,6884739;499,44;;;;
197,7877995;499,44;;;;
197,8861417;508,87;;;;
197,9815336;580,28;;;;
198,0788924;648,01;;;;
198,1801849;600,14;;;;
198,2775436;644,51;;;;
198,373919;644,51;;;;
198,4771783;631,34;;;;
198,5715868;652,35;;;;
198,6689456;644,51;;;;
198,7692546;705,21;;;;
198,8666134;668,01;;;;
198,965939;665,81;;;;
199,0623144;660,05;;;;
199,1626234;660,05;;;;
199,2609656;660,05;;;;
199,357341;660,05;;;;
199,45765;660,05;;;;
199,5540254;660,05;;;;
199,6553179;660,05;;;;
199,7516932;660,05;;;;
199,849052;660,05;;;;
199,9483776;660,05;;;;
200,0477032;660,05;;;;
200,1460454;660,05;;;;
200,2434042;660,05;;;;
200,3437133;660,05;;;;
200,4391052;660,05;;;;
200,5394142;665,81;;;;
200,636773;660,05;;;;
200,7351152;660,05;;;;
200,8354243;660,05;;;;
200,9317996;660,05;;;;
201,0321087;668,01;;;;
201,1275006;660,05;;;;
201,2248594;660,05;;;;
201,324185;660,05;;;;
201,424494;660,05;;;;
201,5208694;660,05;;;;
201,6211784;660,05;;;;
201,7185372;660,05;;;;
201,8188463;660,05;;;;
201,9152216;660,05;;;;
202,0125804;660,05;;;;
202,111906;660,05;;;;
202,2043477;660,05;;;;
202,3105573;660,05;;;;
202,4059492;660,05;;;;
202,5042914;660,05;;;;
202,6026336;660,05;;;;
202,7019592;660,05;;;;
202,7983346;660,05;;;;
202,8966768;765,68;;;;
202,9940356;765,68;;;;
203,0943446;744,66;;;;
203,1926868;738,45;;;;
203,291029;744,66;;;;
203,3883878;738,45;;;;
203,48673;738,45;;;;
203,5880224;738,45;;;;
203,6834144;787,09;;;;
203,7797897;744,66;;;;
203,8800988;738,45;;;;
203,9774576;738,45;;;;
204,0777666;738,45;;;;
204,174142;738,45;;;;
204,2734676;738,45;;;;
204,3737766;738,45;;;;
204,4672017;738,45;;;;
204,5714444;738,45;;;;
204,6668364;738,45;;;;
204,766162;738,45;;;;
204,8635208;738,45;;;;
204,9638298;738,45;;;;
205,0592218;738,45;;;;
205,1595308;738,45;;;;
205,2568896;738,45;;;;
205,3562152;738,45;;;;
205,4545574;738,45;;;;
205,5519162;738,45;;;;
205,6502584;738,45;;;;
205,749584;738,45;;;;
205,8479262;738,45;;;;
205,945285;738,45;;;;
206,0436272;738,45;;;;
206,140986;738,45;;;;
206,2403116;738,45;;;;
206,3386538;738,45;;;;
206,436996;738,45;;;;
206,5353382;738,45;;;;
206,632697;738,45;;;;
206,7339894;738,45;;;;
206,8303648;738,45;;;;
206,9296904;738,45;;;;
207,0270492;738,45;;;;
207,124408;738,45;;;;
207,2217667;738,45;;;;
207,3201089;738,45;;;;
207,420418;738,45;;;;
207,5197436;738,45;;;;
207,6151355;744,66;;;;
207,7134777;738,45;;;;
207,8118199;738,45;;;;
207,9111456;738,45;;;;
208,0104712;849,5;;;;
208,1068465;802,34;;;;
208,2051887;804,83;;;;
208,3064812;811,41;;;;
208,3999063;811,41;;;;
208,5031656;811,41;;;;
208,599541;849,5;;;;
208,6939495;824,42;;;;
208,7952419;802,34;;;;
208,8935841;811,41;;;;
208,9919263;811,41;;;;
209,0902685;811,41;;;;
209,1876273;811,41;;;;
209,2899032;811,41;;;;
209,3852951;811,41;;;;
209,4856042;811,41;;;;
209,5819795;811,41;;;;
209,6813052;811,41;;;;
209,7786639;811,41;;;;
209,8779896;811,41;;;;
209,9753483;811,41;;;;
210,0736905;811,41;;;;
210,1730162;811,41;;;;
210,2723418;811,41;;;;
210,3687171;811,41;;;;
210,4670593;811,41;;;;
210,5654015;811,41;;;;
210,6657106;811,41;;;;
210,7571688;811,41;;;;
210,8614116;811,41;;;;
210,9577869;811,41;;;;
211,0551457;811,41;;;;
211,1554547;811,41;;;;
211,2547804;811,41;;;;
211,3511557;811,41;;;;
211,4534316;811,41;;;;
211,5478401;811,41;;;;
211,6491326;811,41;;;;
211,7445245;811,41;;;;
211,8418833;811,41;;;;
211,9421923;811,41;;;;
212,0385677;811,41;;;;
212,1378933;811,41;;;;
212,2382024;811,41;;;;
212,3345777;811,41;;;;
212,4329199;833,66;;;;
212,5312621;902,84;;;;
212,6296043;926,73;;;;
212,7259797;900,15;;;;
212,8253053;951,03;;;;
212,9256143;909,94;;;;
213,0210063;972,91;;;;
213,1203319;933,95;;;;
213,2196575;923,98;;;;
213,3160329;923,98;;;;
213,4163419;923,98;;;;
213,5146841;923,98;;;;
213,6140097;923,98;;;;
213,7103851;923,98;;;;
213,8097107;923,98;;;;
213,9070695;923,98;;;;
214,0054117;923,98;;;;
214,101787;923,98;;;;
214,2020961;923,98;;;;
214,3014217;923,98;;;;
214,3987805;923,98;;;;
214,4971227;923,98;;;;
214,5964483;923,98;;;;
214,6938071;923,98;;;;
214,7921493;923,98;;;;
214,8914749;923,98;;;;
214,9878503;923,98;;;;
215,0881593;923,98;;;;
215,1766673;923,98;;;;
215,2858271;923,98;;;;
215,3822025;923,98;;;;
215,4805447;923,98;;;;
215,5749532;923,98;;;;
215,6742788;923,98;;;;
215,7706542;923,98;;;;
215,8748969;923,98;;;;
215,9712723;923,98;;;;
216,0715813;923,98;;;;
216,1561556;923,98;;;;
216,271216;923,98;;;;
216,3616908;923,98;;;;
216,4639667;923,98;;;;
216,560342;923,98;;;;
216,6537671;923,98;;;;
216,7550596;923,98;;;;
216,8583189;923,98;;;;
216,951744;923,98;;;;
217,0540199;923,98;;;;
217,140561;923,98;;;;
217,2536546;923,98;;;;
217,3480631;923,98;;;;
217,4464053;923,98;;;;
217,543764;923,98;;;;
217,6411228;923,98;;;;
217,7374982;923,98;;;;
217,8407575;923,98;;;;
217,9331992;923,98;;;;
218,0374419;923,98;;;;
218,1259499;1000,9;;;;
218,2351097;1026,48;;;;
218,3314851;1034,21;;;;
218,4288438;1031,25;;;;
218,5262026;1060,35;;;;
218,6206111;1049,5;;;;
218,722887;1049,5;;;;
218,8241795;1083,87;;;;
218,9156377;1057,34;;;;
219,0179136;1057,34;;;;
219,1064216;1057,34;;;;
219,2204986;1057,34;;;;
219,3109734;1057,34;;;;
219,4132493;1057,34;;;;
219,5115915;1057,34;;;;
219,599116;1057,34;;;;
219,706309;1057,34;;;;
219,8076015;1057,34;;;;
219,8990597;1057,34;;;;
220,0052693;1057,34;;;;
220,0947607;1057,34;;;;
220,2009703;1057,34;;;;
220,2983291;1057,34;;;;
220,3956878;1057,34;;;;
220,4930466;1057,34;;;;
220,5874551;1057,34;;;;
220,689731;1057,34;;;;
220,7920069;1057,34;;;;
220,8824817;1057,34;;;;
220,9877079;1057,34;;;;
221,0712988;1057,34;;;;
221,1873426;1057,34;;;;
221,2817511;1057,34;;;;
221,3791098;1057,34;;;;
221,4764686;1057,34;;;;
221,5757942;1057,34;;;;
221,6672525;1057,34;;;;
221,7754289;1057,34;;;;
221,8600032;1057,34;;;;
221,9721133;1057,34;;;;
222,0547208;1057,34;;;;
222,1687977;1057,34;;;;
222,2661565;1057,34;;;;
222,3635153;1057,34;;;;
222,4559569;1057,34;;;;
222,5523323;1057,34;;;;
222,656575;1057,34;;;;
222,7549172;1057,34;;;;
222,8414584;1083,87;;;;
222,9565187;1146,52;;;;
223,0371593;1174,51;;;;
223,1512363;1194,4;;;;
223,2417111;1202,96;;;;
223,3459538;1191,15;;;;
223,4413458;1174,51;;;;
223,5387046;1174,51;;;;
223,6419639;1174,51;;;;
223,7373558;1174,51;;;;
223,8337312;1174,51;;;;
223,9369905;1174,51;;;;
224,0225482;1174,51;;;;
224,1366251;1174,51;;;;
224,2300502;1174,51;;;;
224,3303593;1174,51;;;;
224,4267346;1174,51;;;;
224,5221266;1174,51;;;;
224,6214522;1174,51;;;;
224,7217612;1174,51;;;;
224,8161697;1174,51;;;;
224,9204125;1174,51;;;;
225,007937;1174,51;;;;
225,1161134;1174,51;;;;
225,2115054;1174,51;;;;
225,3118144;1174,51;;;;
225,4081898;1174,51;;;;
225,4976812;1174,51;;;;
225,6078244;1174,51;;;;
225,7051832;1174,51;;;;
225,795658;1174,51;;;;
225,9038345;1174,51;;;;
225,9884088;1174,51;;;;
226,1044526;1174,51;;;;
226,193944;1174,51;;;;
226,294253;1174,51;;;;
226,3916118;1174,51;;;;
226,48307;1174,51;;;;
226,5912464;1174,51;;;;
226,6886052;1174,51;;;;
226,7820303;1174,51;;;;
226,8872565;1174,51;;;;
226,9708473;1174,51;;;;
227,0859077;1174,51;;;;
227,177366;1174,51;;;;
227,277675;1174,51;;;;
227,3740504;1174,51;;;;
227,4723926;1174,51;;;;
227,5707348;1174,51;;;;
227,6730106;1249,03;;;;
227,7654523;1249,03;;;;
227,869695;1287,61;;;;
227,958203;1317,84;;;;
228,0663794;1317,84;;;;
228,1598045;1348,54;;;;
228,2601136;1348,54;;;;
228,3584558;1348,54;;;;
228,4528643;1348,54;;;;
228,5541568;1348,54;;;;
228,6564326;1348,54;;;;
228,7498577;1348,54;;;;
228,853117;1348,54;;;;
228,9406416;1348,54;;;;
229,0498014;1348,54;;;;
229,1451934;1348,54;;;;
229,2464858;1348,54;;;;
229,3399109;1348,54;;;;
229,44022;1348,54;;;;
229,5356119;1348,54;;;;
229,6388712;1348,54;;;;
229,7322963;1348,54;;;;
229,8355556;1348,54;;;;
229,9191465;1348,54;;;;
230,0351903;1348,54;;;;
230,1315656;1348,54;;;;
230,2289244;1348,54;;;;
230,3243164;1348,54;;;;
230,4206917;1348,54;;;;
230,5210008;1348,54;;;;
230,6222932;1348,54;;;;
230,7176852;1348,54;;;;
230,8189776;1348,54;;;;
230,9065022;1348,54;;;;
231,0166454;1348,54;;;;
231,1120374;1348,54;;;;
231,2123464;1348,54;;;;
231,3057715;1348,54;;;;
231,4050971;1348,54;;;;
231,5044228;1348,54;;;;
231,6057152;1348,54;;;;
231,6981569;1348,54;;;;
231,8014162;1348,54;;;;
231,8830402;1348,54;;;;
232,0020343;1348,54;;;;
232,0964428;1348,54;;;;
232,1928182;1348,54;;;;
232,2901769;1348,54;;;;
232,3875357;1389,13;;;;
232,4868613;1443,5;;;;
232,5871704;1476,12;;;;
232,6815789;1485,96;;;;
232,7848382;1485,96;;;;
232,8703959;1505,42;;;;
232,982506;1505,42;;;;
233,0749477;1505,42;;;;
233,178207;1505,42;;;;
233,2765492;1505,42;;;;
233,3699743;1505,42;;;;
233,4633994;1505,42;;;;
233,5725592;1505,42;;;;
233,6679512;1505,42;;;;
233,7682602;1505,42;;;;
233,8538179;1505,42;;;;
233,9649446;1505,42;;;;
234,0642702;1505,42;;;;
234,1596622;1505,42;;;;
234,2560375;1505,42;;;;
234,3583134;1505,42;;;;
234,4438711;1505,42;;;;
234,5579481;1505,42;;;;
234,6484229;1505,42;;;;
234,7516822;1505,42;;;;
234,8382233;1505,42;;;;
234,94935;1505,42;;;;
235,0486756;1505,42;;;;
235,1440676;1505,42;;;;
235,2365092;1505,42;;;;
235,3387851;1505,42;;;;
235,441061;1505,42;;;;
235,536453;1505,42;;;;
235,6328283;1505,42;;;;
235,7351042;1505,42;;;;
235,8206619;1505,42;;;;
235,9347389;1505,42;;;;
236,0271805;1505,42;;;;
236,1274896;1505,42;;;;
236,2209147;1505,42;;;;
236,3222071;1505,42;;;;
236,4185825;1505,42;;;;
236,5208584;1505,42;;;;
236,6162503;1505,42;;;;
236,7175428;1505,42;;;;
236,8060508;1505,42;;;;
236,916194;1505,42;;;;
237,011586;1505,42;;;;
237,111895;1505,42;;;;
237,1984361;1505,42;;;;
237,3066126;1505,42;;;;
237,4039713;1505,42;;;;
237,503297;1505,42;;;;
237,6016392;1505,42;;;;
237,6999814;1505,42;;;;
237,7855391;1552,96;;;;
237,899616;1583,27;;;;
237,9920577;1583,27;;;;
238,0933502;1617,95;;;;
238,1897255;1617,95;;;;
238,284134;1628,41;;;;
238,3854265;1628,41;;;;
238,4886858;1617,95;;;;
238,5811275;1617,95;;;;
238,6853702;1617,95;;;;
238,7679776;1617,95;;;;
238,8820546;1617,95;;;;
238,9764631;1617,95;;;;
239,0767722;1617,95;;;;
239,1711807;1617,95;;;;
239,267556;1617,95;;;;
239,3727822;1617,95;;;;
239,4691575;1617,95;;;;
239,5665163;1617,95;;;;
239,6687922;1617,95;;;;
239,7523831;1617,95;;;;
239,86646;1617,95;;;;
239,9569348;1617,95;;;;
240,0611776;1617,95;;;;
240,1585364;1617,95;;;;
240,2490112;1617,95;;;;
240,3522705;1617,95;;;;
240,4525795;1617,95;;;;
240,5489549;1617,95;;;;
240,6502474;1617,95;;;;
240,7348216;1617,95;;;;
240,8508654;1617,95;;;;
240,9374066;1617,95;;;;
241,0436162;1617,95;;;;
241,1419584;1617,95;;;;
241,2373503;1617,95;;;;
241,3337256;1617,95;;;;
241,436985;1617,95;;;;
241,5323769;1617,95;;;;
241,6336694;1617,95;;;;
241,7182436;1617,95;;;;
241,833304;1617,95;;;;
241,9277125;1617,95;;;;
242,0270382;1617,95;;;;
242,1243969;1617,95;;;;
242,2168386;1617,95;;;;
242,3220648;1653,13;;;;
242,4174567;1688,82;;;;
242,513832;1720,87;;;;
242,6161079;1735,95;;;;
242,7026491;1735,95;;;;
242,8157426;1735,95;;;;
242,9111345;1735,95;;;;
243,0084933;1735,95;;;;
243,1048687;1735,95;;;;
243,2051777;1735,95;;;;
243,2995862;1735,95;;;;
243,4028455;1735,95;;;;
243,5011877;1735,95;;;;
243,6005134;1735,95;;;;
243,6841042;1735,95;;;;
243,7991646;1731,78;;;;
243,8866892;1735,95;;;;
243,9928987;1735,95;;;;
244,0892741;1735,95;;;;
244,1826992;1731,78;;;;
244,2859585;1735,95;;;;
244,3852841;1735,95;;;;
244,480676;1735,95;;;;
244,5819685;1731,78;;;;
244,6685096;1735,95;;;;
244,7806198;1735,95;;;;
244,8760117;1735,95;;;;
244,9753373;1735,95;;;;
245,067779;1731,78;;;;
245,1641543;1735,95;;;;
245,2693805;1735,95;;;;
245,3677227;1735,95;;;;
245,4611478;1735,95;;;;
245,5663739;1735,95;;;;
245,6499648;1735,95;;;;
245,7660086;1735,95;;;;
245,8525497;1731,78;;;;
245,9587593;1731,78;;;;
246,0541512;1735,95;;;;
246,1485598;1731,78;;;;
246,246902;1735,95;;;;
246,3481944;1735,95;;;;
246,4524372;1735,95;;;;
246,5468457;1735,95;;;;
246,6343702;1735,95;;;;
246,7494306;1735,95;;;;
246,8418723;1735,95;;;;
246,9411979;1731,78;;;;
247,0336396;1735,95;;;;
247,1309983;1735,95;;;;
247,2342576;1735,95;;;;
247,3345667;1735,95;;;;
247,4260249;1735,95;;;;
247,5322345;1772,81;;;;
247,6168088;1805,91;;;;
247,7308858;1805,91;;;;
247,8243108;1832,39;;;;
247,922653;1843,76;;;;
248,018045;1843,76;;;;
248,1173706;1843,76;;;;
248,2127625;1843,76;;;;
248,3179887;1843,76;;;;
248,4133806;1843,76;;;;
248,5146731;1843,76;;;;
248,6021976;1843,76;;;;
248,7143078;1843,76;;;;
248,8077328;1843,76;;;;
248,906075;1843,76;;;;
249,0054007;1843,76;;;;
249,1027594;1843,76;;;;
249,1942177;1843,76;;;;
249,3014107;1843,76;;;;
249,3968026;1843,76;;;;
249,4971117;1843,76;;;;
249,5846362;1843,76;;;;
249,6977298;1843,76;;;;
249,7911548;1843,76;;;;
249,8924473;1843,76;;;;
249,984889;1843,76;;;;
250,0842146;1843,76;;;;
250,1835402;1843,76;;;;
250,2867995;1843,76;;;;
250,3792412;1843,76;;;;
250,4825005;1843,76;;;;
250,5690416;1843,76;;;;
250,6821352;1843,76;;;;
250,7755603;1843,76;;;;
250,8748859;1843,76;;;;
250,9712612;1843,76;;;;
251,0676366;1843,76;;;;
251,1649954;1843,76;;;;
251,2672713;1843,76;;;;
251,3616798;1843,76;;;;
251,4629722;1843,76;;;;
251,5495134;1843,76;;;;
251,6586732;1843,76;;;;
251,762916;1843,76;;;;
251,856341;1843,76;;;;
251,9546832;1843,76;;;;
252,0530254;1843,76;;;;
252,1484174;1870,61;;;;
252,2497098;1882,14;;;;
252,3451018;1921,04;;;;
252,4473777;1921,04;;;;
252,5329354;1921,04;;;;
252,6479958;1921,04;;;;
252,7374872;1921,04;;;;
252,8427133;1921,04;;;;
252,9390887;1921,04;;;;
253,0295635;1921,04;;;;
253,1397068;1921,04;;;;
253,2331318;1921,04;;;;
253,3265569;1921,04;;;;
253,4317831;1921,04;;;;
253,515374;1921,04;;;;
253,6255172;1921,04;;;;
253,72976;1921,04;;;;
253,8222016;1921,04;;;;
253,9146433;1921,04;;;;
254,0169192;1921,04;;;;
254,1172282;1921,04;;;;
254,2165538;1921,04;;;;
254,3129292;1921,04;;;;
254,4132382;1921,04;;;;
254,5007628;1921,04;;;;
254,6118895;1921,04;;;;
254,706298;1921,04;;;;
254,8056236;1921,04;;;;
254,8990487;1921,04;;;;
255,0042749;1921,04;;;;
255,0937663;1921,04;;;;
255,2019427;1921,04;;;;
255,2884838;1921,04;;;;
255,3996105;1921,04;;;;
255,482218;1921,04;;;;
255,5972783;1921,04;;;;
255,6907034;1921,04;;;;
255,7890456;1921,04;;;;
255,885421;1921,04;;;;
255,9808129;1921,04;;;;
256,081122;1921,04;;;;
256,1843813;1921,04;;;;
256,2758395;1921,04;;;;
256,3800822;1921,04;;;;
256,4676068;1921,04;;;;
256,5807003;1921,04;;;;
256,6721586;1921,04;;;;
256,7724676;1921,04;;;;
256,8639259;1921,04;;;;
256,9701354;1921,04;;;;
257,0635605;1921,04;;;;
257,1678033;1921,04;;;;
257,2563112;1921,04;;;;
257,3654711;1921,04;;;;
257,449062;1921,04;;;;
257,5631389;1960,47;;;;
257,6536137;1995,86;;;;
257,7549062;2000,45;;;;
257,8493147;2036,31;;;;
257,9496238;2040,96;;;;
258,0469825;2064,99;;;;
258,1492584;2064,99;;;;
258,2456338;2077,3;;;;
258,3459428;2064,99;;;;
258,4315005;2064,99;;;;
258,5475443;2077,3;;;;
258,6380192;2064,99;;;;
258,7353779;2077,3;;;;
258,8307699;2064,99;;;;
258,9310789;2064,99;;;;
259,0304045;2064,99;;;;
259,1307136;2064,99;;;;
259,2300392;2077,3;;;;
259,3283814;2077,3;;;;
259,4198396;2077,3;;;;
259,5280161;2064,99;;;;
259,6214412;2064,99;;;;
259,723717;2077,3;;;;
259,8141919;2064,99;;;;
259,9154843;2077,3;;;;
260,01481;2064,99;;;;
260,1161024;2064,99;;;;
260,2075607;2077,3;;;;
260,31082;2064,99;;;;
260,3983445;2077,3;;;;
260,5104546;2077,3;;;;
260,6019129;2077,3;;;;
260,7032054;2077,3;;;;
260,7985973;2064,99;;;;
260,8969395;2077,3;;;;
260,9972485;2077,3;;;;
261,098541;2064,99;;;;
261,1929495;2077,3;;;;
261,2932586;2077,3;;;;
261,3837334;2077,3;;;;
261,4948601;2077,3;;;;
261,5814012;2077,3;;;;
261,690561;2077,3;;;;
261,7820193;2077,3;;;;
261,8783946;2064,99;;;;
261,9836208;2077,3;;;;
262,0799962;2077,3;;;;
262,1724378;2082,01;;;;
262,2786474;2082,01;;;;
262,366172;2082,01;;;;
262,4753318;2082,01;;;;
262,5638398;2082,01;;;;
262,673983;2082,01;;;;
262,762491;2082,01;;;;
262,8667338;2082,01;;;;
262,9640925;2082,01;;;;
263,0644016;2082,01;;;;
263,1578267;2082,01;;;;
263,2601026;2082,01;;;;
263,3486105;2082,01;;;;
263,4587538;2082,01;;;;
263,5531623;2082,01;;;;
263,6544548;2082,01;;;;
263,7508301;2082,01;;;;
263,8432718;2082,01;;;;
263,948498;2082,01;;;;
264,0478236;2082,01;;;;
264,1432155;2082,01;;;;
264,244508;2082,01;;;;
264,3310491;2082,01;;;;
264,4421758;2082,01;;;;
264,5375677;2082,01;;;;
264,6368934;2082,01;;;;
264,7342521;2082,01;;;;
264,8286606;2082,01;;;;
264,9289697;2082,01;;;;
265,0312456;2082,01;;;;
265,1256541;2082,01;;;;
265,22793;2082,01;;;;
265,3184048;2082,01;;;;
265,4255978;2082,01;;;;
265,5190229;2082,01;;;;
265,6203154;2082,01;;;;
265,7157073;2082,01;;;;
265,8150329;2082,01;;;;
265,9114083;2082,01;;;;
266,015651;2082,01;;;;
266,1100595;2082,01;;;;
266,211352;2082,01;;;;
266,2978931;2082,01;;;;
266,4100032;2082,01;;;;
266,5034283;2082,01;;;;
266,6037374;2082,01;;;;
266,6912619;2082,01;;;;
266,7974715;2082,01;;;;
266,8928634;2082,01;;;;
266,9980896;2082,01;;;;
267,0905312;2082,01;;;;
267,1957574;2082,01;;;;
267,2852488;2082,01;;;;
267,3934252;2082,01;;;;
267,4878337;2106,37;;;;
267,5861759;2106,37;;;;
267,679601;2106,37;;;;
267,7838438;2106,37;;;;
267,8762854;2106,37;;;;
267,9815116;2106,37;;;;
268,0749367;2106,37;;;;
268,1772126;2106,37;;;;
268,2657205;2106,37;;;;
268,3748804;2106,37;;;;
268,4624049;2106,37;;;;
268,5705814;2106,37;;;;
268,6640064;2106,37;;;;
268,7633321;2106,37;;;;
268,8606908;2106,37;;;;
268,9639502;2106,37;;;;
269,0593421;2106,37;;;;
269,1596511;2106,37;;;;
269,250126;2106,37;;;;
269,3524018;2106,37;;;;
269,4536943;2106,37;;;;
269,5530199;2106,37;;;;
269,6474284;2106,37;;;;
269,7497043;2106,37;;;;
269,8470631;2106,37;;;;
269,9463887;2106,37;;;;
270,0368636;2106,37;;;;
270,14504;2106,37;;;;
270,2315811;2106,37;;;;
270,3427078;2106,37;;;;
270,4351495;2106,37;;;;
270,5364419;2106,37;;;;
270,6288836;2106,37;;;;
270,7282092;2106,37;;;;
270,8265514;2106,37;;;;
270,9288273;2106,37;;;;
271,0252027;2106,37;;;;
271,128462;2106,37;;;;
271,2150031;2106,37;;;;
271,3261298;2106,37;;;;
271,4185715;2106,37;;;;
271,5198639;2106,37;;;;
271,6152559;2106,37;;;;
271,7096644;2106,37;;;;
271,8148905;2106,37;;;;
271,9122493;2082,01;;;;
271,9997739;2082,01;;;;
272,111884;2082,01;;;;
272,1954748;2077,3;;;;
272,3066015;2077,3;;;;
272,4039603;2077,3;;;;
272,5013191;2077,3;;;;
272,5996613;2077,3;;;;
272,6930864;2077,3;;;;
272,7943788;2077,3;;;;
272,8966547;2077,3;;;;
272,9920467;2077,3;;;;
273,0923557;2077,3;;;;
273,1847974;2077,3;;;;
273,2900235;2077,3;;;;
273,3854155;2077,3;;;;
273,4847411;2077,3;;;;
273,5781662;2077,3;;;;
273,6843758;2077,3;;;;
273,7787843;2077,3;;;;
273,8781099;2077,3;;;;
273,9744852;2077,3;;;;
274,0747943;2077,3;;;;
274,1623188;2077,3;;;;
274,2695118;2077,3;;;;
274,3717877;2077,3;;;;
274,4691465;2077,3;;;;
274,5655219;2077,3;;;;
274,6618972;2077,3;;;;
274,7602394;2077,3;;;;
274,8625153;2077,3;;;;
274,9529901;2077,3;;;;
275,0591997;2077,3;;;;
275,1467243;2077,3;;;;
275,2588344;2077,3;;;;
275,3532429;2077,3;;;;
275,4525685;2077,3;;;;
275,5499273;2077,3;;;;
275,6433524;2077,3;;;;
275,7387443;2077,3;;;;
275,8469207;2077,3;;;;
275,9373956;2077,3;;;;
276,0436051;2077,3;;;;
276,1321131;2077,3;;;;
276,2402895;2077,3;;;;
276,3317478;2077,3;;;;
276,4340237;2077,3;;;;
276,5333493;2077,3;;;;
276,6316915;2077,3;;;;
276,7300337;2077,3;;;;
276,8283759;2077,3;;;;
276,9198341;2077,3;;;;
277,0260437;2077,3;;;;
277,1165185;2064,99;;;;
277,2227281;2064,99;;;;
277,3191035;2040,96;;;;
277,4154788;2036,31;;;;
277,5128376;2036,31;;;;
277,6082295;2024,16;;;;
277,7065717;2024,16;;;;
277,8117979;2024,16;;;;
277,905223;2024,16;;;;
278,0084823;2024,16;;;;
278,100924;2024,16;;;;
278,2051667;2024,16;;;;
278,301542;2024,16;;;;
278,4008677;2024,16;;;;
278,4992099;2024,16;;;;
278,5916515;2024,16;;;;
278,6958943;2024,16;;;;
278,7952199;2024,16;;;;
278,8876616;2024,16;;;;
278,9928877;2024,16;;;;
279,077462;2024,16;;;;
279,1905555;2024,16;;;;
279,2859475;2024,16;;;;
279,3842897;2000,45;;;;
279,4796816;2024,16;;;;
279,5790072;2024,16;;;;
279,6802997;2024,16;;;;
279,7786419;2024,16;;;;
279,8750172;2024,16;;;;
279,9753263;2024,16;;;;
280,0599006;2024,16;;;;
280,174961;2024,16;;;;
280,2674026;2024,16;;;;
280,3686951;2024,16;;;;
280,4699876;2024,16;;;;
280,559479;2024,16;;;;
280,6578212;2024,16;;;;
280,7630473;2024,16;;;;
280,8584392;2024,16;;;;
280,9597317;2024,16;;;;
281,0492231;2024,16;;;;
281,1573995;2024,16;;;;
281,2488578;2024,16;;;;
281,3462166;2024,16;;;;
281,4534096;2024,16;;;;
281,5409341;2024,16;;;;
281,6481271;2024,16;;;;
281,7454859;2024,16;;;;
281,8379276;2024,16;;;;
281,9431537;2024,16;;;;
282,0326451;2024,16;;;;
282,1427884;2024,16;;;;
282,2371969;2000,45;;;;
282,3355391;1960,47;;;;
282,430931;1948,63;;;;
282,5253395;1948,63;;;;
282,6315491;1948,63;;;;
282,7279245;1944,12;;;;
282,8242998;1944,12;;;;
282,9255923;1948,63;;;;
283,0121334;1948,63;;;;
283,1232601;1948,63;;;;
283,2196355;1948,63;;;;
283,3189611;1948,63;;;;
283,4173033;1948,63;;;;
283,509745;1948,63;;;;
283,6139877;1944,12;;;;
283,7113465;1948,63;;;;
283,8077218;1944,12;;;;
283,9080309;1948,63;;;;
283,9926052;1944,12;;;;
284,1066821;1944,12;;;;
284,1942067;1944,12;;;;
284,3033665;1944,12;;;;
284,3958082;1944,12;;;;
284,4951338;1944,12;;;;
284,5993765;1921,04;;;;
284,693785;1921,04;;;;
284,7901604;1944,12;;;;
284,8904694;1921,04;;;;
284,9770106;1921,04;;;;
285,0910875;1921,04;;;;
285,1815624;1944,12;;;;
285,2838382;1921,04;;;;
285,3802136;1921,04;;;;
285,4775724;1921,04;;;;
285,5788648;1921,04;;;;
285,6781905;1921,04;;;;
285,7735824;1921,04;;;;
285,8758583;1921,04;;;;
285,9594492;1921,04;;;;
286,0725427;1948,63;;;;
286,1590838;1944,12;;;;
286,2682437;1944,12;;;;
286,3597019;1948,63;;;;
286,4619778;1948,63;;;;
286,553436;1944,12;;;;
286,6625959;1921,04;;;;
286,756021;1921,04;;;;
286,8592803;1882,14;;;;
286,9487717;1866,22;;;;
287,0539978;1843,76;;;;
287,1454561;1832,39;;;;
287,2506822;1794,7;;;;
287,348041;1790,43;;;;
287,4385158;1790,43;;;;
287,5486591;1790,43;;;;
287,6430676;1790,43;;;;
287,7384596;1790,43;;;;
287,8407354;1768,59;;;;
287,9272766;1768,59;;;;
288,0393867;1768,59;;;;
288,1298615;1768,59;;;;
288,2350877;1790,43;;;;
288,3285128;1768,59;;;;
288,4288218;1768,59;;;;
288,5212635;1768,59;;;;
288,6323902;1790,43;;;;
288,7218816;1790,43;;;;
288,8241574;1790,43;;;;
288,9106986;1768,59;;;;
289,0228087;1768,59;;;;
289,1132835;1768,59;;;;
289,2185097;1790,43;;;;
289,3109513;1768,59;;;;
289,4053598;1768,59;;;;
289,5155031;1768,59;;;;
289,6089282;1790,43;;;;
289,6964528;1790,43;;;;
289,8085629;1768,59;;;;
289,8970708;1790,43;;;;
290,0032804;1768,59;;;;
290,0927718;1768,59;;;;
290,2009482;1768,59;;;;
290,298307;1768,59;;;;
290,3887818;1790,43;;;;
290,4930246;1768,59;;;;
290,5913668;1790,43;;;;
290,6847919;1790,43;;;;
290,7890346;1790,43;;;;
290,8765592;1790,43;;;;
290,9876858;1768,59;;;;
291,0830778;1768,59;;;;
291,18142;1768,59;;;;
291,2758285;1790,43;;;;
291,3751541;1790,43;;;;
291,4685792;1790,43;;;;
291,5757722;1790,43;;;;
291,6672304;1768,59;;;;
291,7724566;1757,53;;;;
291,8648983;1731,78;;;;
291,969141;1720,87;;;;
292,0635495;1695,48;;;;
292,1658254;1684,73;;;;
292,2563002;1659,7;;;;
292,3585761;1659,7;;;;
292,4598686;1663,75;;;;
292,5582108;1649,1;;;;
292,6506524;1649,1;;;;
292,7558786;1659,7;;;;
292,8463534;1659,7;;;;
292,9535464;1649,1;;;;
293,0430378;1659,7;;;;
293,148264;1649,1;;;;
293,2436559;1649,1;;;;
293,337081;1649,1;;;;
293,4393569;1649,1;;;;
293,5435996;1649,1;;;;
293,6350579;1649,1;;;;
293,740284;1659,7;;;;
293,8268252;1659,7;;;;
293,9379518;1659,7;;;;
294,0264598;1649,1;;;;
294,1307026;1649,1;;;;
294,2270779;1649,1;;;;
294,327387;1649,1;;;;
294,4257292;1649,1;;;;
294,5250548;1649,1;;;;
294,6204467;1659,7;;;;
294,7207558;1649,1;;;;
294,8131974;1649,1;;;;
294,919407;1649,1;;;;
295,0108652;1649,1;;;;
295,1160914;1649,1;;;;
295,2124668;1649,1;;;;
295,310809;1649,1;;;;
295,4091512;1649,1;;;;
295,5084768;1649,1;;;;
295,599935;1649,1;;;;
295,7051612;1649,1;;;;
295,7936692;1649,1;;;;
295,902829;1649,1;;;;
295,9933038;1649,1;;;;
296,09853;1649,1;;;;
296,1890048;1649,1;;;;
296,2922641;1649,1;;;;
296,3866726;1649,1;;;;
296,4928822;1649,1;;;;
296,5843404;1649,1;;;;
296,6885832;1649,1;;;;
296,779058;1649,1;;;;
296,8852676;1649,1;;;;
296,9757424;1649,1;;;;
297,0809686;1649,1;;;;
297,1743936;1649,1;;;;
297,2756861;1628,41;;;;
297,371078;1613,97;;;;
297,4753208;1579,34;;;;
297,5638288;1549,08;;;;
297,6710218;1545,22;;;;
297,7614966;1535,11;;;;
297,8667227;1535,11;;;;
297,9650649;1515,4;;;;
298,0624237;1515,4;;;;
298,1509317;1515,4;;;;
298,2600915;1515,4;;;;
298,3495829;1515,4;;;;
298,4587428;1515,4;;;;
298,5482342;1515,4;;;;
298,6554272;1515,4;;;;
298,7429517;1515,4;;;;
298,8521116;1515,4;;;;
298,9484869;1515,4;;;;
299,048796;1515,4;;;;
299,1432045;1515,4;;;;
299,2385964;1515,4;;;;
299,3369386;1515,4;;;;
299,4421648;1515,4;;;;
299,5296893;1515,4;;;;
299,6378658;1515,4;;;;
299,729324;1515,4;;;;
299,8345502;1515,4;;;;
299,9260084;1515,4;;;;
300,0312346;1515,4;;;;
300,1226928;1515,4;;;;
300,2239853;1515,4;;;;
300,3154435;1515,4;;;;
300,4265702;1515,4;;;;
300,5190119;1515,4;;;;
300,6222712;1515,4;;;;
300,7117626;1515,4;;;;
300,8179722;1515,4;;;;
300,9133641;1515,4;;;;
301,0146566;1515,4;;;;
301,1070982;1515,4;;;;
301,2083907;1515,4;;;;
301,3106666;1515,4;;;;
301,4070419;1515,4;;;;
301,5044007;1515,4;;;;
301,6047098;1515,4;;;;
301,7020685;1515,4;;;;
301,8004107;1515,4;;;;
301,8997364;1515,4;;;;
301,9970951;1511,59;;;;
302,0934705;1501,63;;;;
302,1927961;1478,45;;;;
302,2940886;1449,5;;;;
302,3884971;1436,13;;;;
302,4868393;1407,73;;;;
302,5861649;1407,73;;;;
302,686474;1385,54;;;;
302,7828493;1404,11;;;;
302,8811915;1376,14;;;;
302,9795337;1385,54;;;;
303,0768925;1407,73;;;;
303,1742513;1407,73;;;;
303,2765272;1407,73;;;;
303,3729025;1407,73;;;;
303,4722281;1407,73;;;;
303,5695869;1407,73;;;;
303,6689125;1407,73;;;;
303,7662713;1407,73;;;;
303,8655969;1407,73;;;;
303,9619723;1407,73;;;;
304,0622813;1407,73;;;;
304,1596401;1407,73;;;;
304,2579823;1407,73;;;;
304,3573079;1407,73;;;;
304,4546667;1407,73;;;;
304,5530089;1407,73;;;;
304,6513511;1407,73;;;;
304,7506767;1407,73;;;;
304,8490189;1407,73;;;;
304,9453943;1407,73;;;;
305,0457033;1407,73;;;;
305,1430621;1407,73;;;;
305,2423877;1407,73;;;;
305,3397465;1407,73;;;;
305,4371053;1407,73;;;;
305,5354475;1407,73;;;;
305,6347731;1407,73;;;;
305,7340987;1407,73;;;;
305,8314575;1407,73;;;;
305,9288163;1407,73;;;;
306,0271585;1407,73;;;;
306,121567;1407,73;;;;
306,2267932;1407,73;;;;
306,3231685;1407,73;;;;
306,4215107;1407,73;;;;
306,5198529;1407,73;;;;
306,6181951;1407,73;;;;
306,7155539;1407,73;;;;
306,8138961;1345,02;;;;
306,9132217;1317,84;;;;
307,0105805;1314,37;;;;
307,1089227;1284,19;;;;
307,2072649;1257,84;;;;
307,3065905;1245,68;;;;
307,4039493;1245,68;;;;
307,5042583;1245,68;;;;
307,6026005;1275,26;;;;
307,6989759;1287,61;;;;
307,7983015;1278,66;;;;
307,8956603;1278,66;;;;
307,9940025;1278,66;;;;
308,0933281;1287,61;;;;
308,1926537;1287,61;;;;
308,2890291;1278,66;;;;
308,3873713;1278,66;;;;
308,4857135;1287,61;;;;
308,587006;1287,61;;;;
308,6823979;1278,66;;;;
308,7836904;1287,61;;;;
308,8771154;1278,66;;;;
308,9803748;1278,66;;;;
309,0757667;1275,26;;;;
309,1750923;1278,66;;;;
309,2714677;1278,66;;;;
309,3707933;1287,61;;;;
309,4691355;1278,66;;;;
309,5694445;1278,66;;;;
309,6609028;1278,66;;;;
309,7700626;1278,66;;;;
309,8615209;1278,66;;;;
309,9618299;1278,66;;;;
310,0601721;1278,66;;;;
310,1604812;1278,66;;;;
310,2558731;1278,66;;;;
310,3542153;1278,66;;;;
310,4535409;1278,66;;;;
310,5518831;1278,66;;;;
310,6502253;1278,66;;;;
310,7485675;1278,66;;;;
310,8459263;1278,66;;;;
310,9472188;1278,66;;;;
311,0367102;1245,68;;;;
311,14587;1199,69;;;;
311,2373282;1191,15;;;;
311,3356704;1162,9;;;;
311,4369629;1135,09;;;;
311,5323548;1135,09;;;;
311,6336473;1107,74;;;;
311,7300227;1080,82;;;;
311,8293483;1083,87;;;;
311,9276905;1099,64;;;;
312,0260327;1099,64;;;;
312,1243749;1099,64;;;;
312,2227171;1099,64;;;;
312,3200759;1099,64;;;;
312,4203849;1099,64;;;;
312,5197105;1099,64;;;;
312,6170693;1083,87;;;;
312,7154115;1083,87;;;;
312,8127703;1083,87;;;;
312,9111125;1099,64;;;;
313,0094547;1099,64;;;;
313,1077969;1083,87;;;;
313,2031888;1099,64;;;;
313,3044813;1083,87;;;;
313,4018401;1083,87;;;;
313,5021491;1099,64;;;;
313,5985245;1099,64;;;;
313,6978501;1099,64;;;;
313,7961923;1083,87;;;;
313,8945345;1099,64;;;;
313,9909098;1099,64;;;;
314,0922023;1099,64;;;;
314,1885777;1099,64;;;;
314,2869199;1099,64;;;;
314,3842786;1099,64;;;;
314,4845877;1099,64;;;;
314,580963;1083,87;;;;
314,6802887;1083,87;;;;
314,7805977;1083,87;;;;
314,8779565;1083,87;;;;
314,9762987;1083,87;;;;
315,0746409;1083,87;;;;
315,1719997;1083,87;;;;
315,2713253;1083,87;;;;
315,3696675;1083,87;;;;
315,4670263;1083,87;;;;
315,564385;1083,87;;;;
315,6627272;1083,87;;;;
315,7630363;1083,87;;;;
315,8603951;1083,87;;;;
315,9577538;1083,87;;;;
316,0570795;1083,87;;;;
316,1554217;1083,87;;;;
316,2527804;1083,87;;;;
316,3511226;1083,87;;;;
316,4504483;1083,87;;;;
316,5487905;1083,87;;;;
316,6461492;1083,87;;;;
316,7464583;1099,64;;;;
316,8438171;1083,87;;;;
316,9421593;1028,31;;;;
317,039518;980,37;;;;
317,1378602;970,08;;;;
317,2362024;931,19;;;;
317,3345446;876,72;;;;
317,4328868;900,15;;;;
317,5322125;879,37;;;;
317,6276044;900,15;;;;
317,72693;900,15;;;;
317,8292059;900,15;;;;
317,9236144;900,15;;;;
318,0239235;900,15;;;;
318,1222657;900,15;;;;
318,218641;900,15;;;;
318,3199335;900,15;;;;
318,4172923;900,15;;;;
318,514651;900,15;;;;
318,6129932;900,15;;;;
318,7123189;900,15;;;;
318,8106611;900,15;;;;
318,9080198;900,15;;;;
319,006362;900,15;;;;
319,1056877;900,15;;;;
319,2030464;900,15;;;;
319,3013886;900,15;;;;
319,4007143;900,15;;;;
319,4990565;900,15;;;;
319,5973987;900,15;;;;
319,6957409;900,15;;;;
319,7921162;900,15;;;;
319,8924253;900,15;;;;
319,989784;900,15;;;;
320,0881262;900,15;;;;
320,1825348;900,15;;;;
320,2867775;900,15;;;;
320,3831528;900,15;;;;
320,4824785;900,15;;;;
320,5788538;900,15;;;;
320,6781794;900,15;;;;
320,7784885;876,72;;;;
320,8738804;831,1;;;;
320,9741895;787,09;;;;
321,0715482;802,34;;;;
321,168907;789,56;;;;
321,2662658;804,83;;;;
321,3675583;824,42;;;;
321,4629502;811,41;;;;
321,5622758;811,41;;;;
321,6625849;824,42;;;;
321,7589602;811,41;;;;
321,8573024;824,42;;;;
321,9576115;804,83;;;;
322,0530034;804,83;;;;
322,152329;811,41;;;;
322,2506712;811,41;;;;
322,3490134;804,83;;;;
322,4473556;804,83;;;;
322,5456978;804,83;;;;
322,6430566;804,83;;;;
322,7453325;804,83;;;;
322,8407244;804,83;;;;
322,9380832;804,83;;;;
323,0364254;824,42;;;;
323,1337842;811,41;;;;
323,2340932;804,83;;;;
323,331452;824,42;;;;
323,4297942;804,83;;;;
323,5291198;804,83;;;;
323,627462;804,83;;;;
323,7238374;804,83;;;;
323,8241464;811,41;;;;
323,9224886;804,83;;;;
324,0198474;804,83;;;;
324,1181896;804,83;;;;
324,2175152;811,41;;;;
324,314874;811,41;;;;
324,4082991;804,83;;;;
324,5066413;804,83;;;;
324,6020332;811,41;;;;
324,7023423;824,42;;;;
324,8144524;811,41;;;;
324,9009935;811,41;;;;
325,0032694;811,41;;;;
325,0996448;804,83;;;;
325,1950367;804,83;;;;
325,298296;804,83;;;;
325,3966382;811,41;;;;
325,4910467;804,83;;;;
325,5933226;783,1;;;;
325,6906814;747,04;;;;
325,7890236;720,26;;;;
325,8853989;732,28;;;;
325,9866914;740,82;;;;
326,0840502;740,82;;;;
326,1823924;694,13;;;;
326,2797512;732,28;;;;
326,3790768;734,63;;;;
326,477419;734,63;;;;
326,5757612;734,63;;;;
326,6760702;734,63;;;;
326,7724456;734,63;;;;
326,8707878;734,63;;;;
326,96913;734,63;;;;
327,0674722;734,63;;;;
327,1667978;734,63;;;;
327,2641566;734,63;;;;
327,3624988;734,63;;;;
327,460841;734,63;;;;
327,5601666;734,63;;;;
327,6575254;734,63;;;;
327,756851;734,63;;;;
327,8581435;734,63;;;;
327,9535354;734,63;;;;
328,0508942;734,63;;;;
328,1492364;734,63;;;;
328,248562;734,63;;;;
328,3449374;734,63;;;;
328,4452464;734,63;;;;
328,5426052;734,63;;;;
328,6409474;734,63;;;;
328,7383062;734,63;;;;
328,8386152;734,63;;;;
328,935974;734,63;;;;
329,0352996;734,63;;;;
329,131675;734,63;;;;
329,2310006;734,63;;;;
329,3293428;734,63;;;;
329,4306352;734,63;;;;
329,5260272;734,63;;;;
329,6243694;734,63;;;;
329,7227116;734,63;;;;
329,8220372;734,63;;;;
329,919396;734,63;;;;
330,0167548;734,63;;;;
330,1170638;734,63;;;;
330,2163894;734,63;;;;
330,3117814;734,63;;;;
330,4101236;734,63;;;;
330,5094492;734,63;;;;
330,606808;734,63;;;;
330,7061336;734,63;;;;
330,8064426;734,63;;;;
330,902818;734,63;;;;
331,0001768;734,63;;;;
331,0995024;734,63;;;;
331,1978446;734,63;;;;
331,2942199;734,63;;;;
331,394529;652,96;;;;
331,4909043;691,86;;;;
331,5921968;650,79;;;;
331,6875887;678,06;;;;
331,7888812;678,06;;;;
331,88624;637,54;;;;
331,9826153;658,68;;;;
332,081941;664,44;;;;
332,1792997;624,47;;;;
332,2796088;637,54;;;;
332,3769676;637,54;;;;
332,4753098;643,17;;;;
332,5726685;643,17;;;;
332,6710107;643,17;;;;
332,7703364;637,54;;;;
332,8686786;643,17;;;;
332,9660373;643,17;;;;
333,065363;637,54;;;;
333,1646886;643,17;;;;
333,2600805;643,17;;;;
333,3603896;643,17;;;;
333,4587318;643,17;;;;
333,5580574;643,17;;;;
333,6554162;643,17;;;;
333,7547418;643,17;;;;
333,8511171;643,17;;;;
333,9504428;643,17;;;;
334,0478015;637,54;;;;
334,1461437;637,54;;;;
334,2464528;643,17;;;;
334,3428281;643,17;;;;
334,4421538;643,17;;;;
334,540496;637,54;;;;
334,6378547;637,54;;;;
334,7371804;637,54;;;;
334,8355226;637,54;;;;
334,9328813;637,54;;;;
335,032207;637,54;;;;
335,132516;637,54;;;;
335,2269245;637,54;;;;
335,3262501;637,54;;;;
335,4265592;637,54;;;;
335,5249014;637,54;;;;
335,6212767;637,54;;;;
335,7206024;637,54;;;;
335,8179611;539,48;;;;
335,9163033;493,56;;;;
336,015629;507,72;;;;
336,1129877;496,5;;;;
336,2103465;496,5;;;;
336,3106556;510,71;;;;
336,4080143;510,71;;;;
336,50734;510,71;;;;
336,6037153;512,56;;;;
336,7040244;510,71;;;;
336,8003997;505,89;;;;
336,8977585;510,71;;;;
336,9980675;510,71;;;;
337,0973932;510,71;;;;
337,1937685;510,71;;;;
337,2930941;510,71;;;;
337,3914363;510,71;;;;
337,4878117;510,71;;;;
337,5881207;510,71;;;;
337,6874464;505,89;;;;
337,7838217;505,89;;;;
337,8831473;510,71;;;;
337,9805061;510,71;;;;
338,0798317;510,71;;;;
338,1762071;510,71;;;;
338,2745493;510,71;;;;
338,3748583;510,71;;;;
338,474184;510,71;;;;
338,5705593;510,71;;;;
338,6679181;510,71;;;;
338,7672437;510,71;;;;
338,8655859;510,71;;;;
338,9639281;510,71;;;;
339,0632537;505,89;;;;
339,1596291;510,71;;;;
339,2589547;510,71;;;;
339,3572969;510,71;;;;
339,457606;510,71;;;;
339,5539813;510,71;;;;
339,6533069;510,71;;;;
339,7506657;510,71;;;;
339,8490079;510,71;;;;
339,9463667;510,71;;;;
340,0456923;505,89;;;;
340,1430511;510,71;;;;
340,2433601;505,89;;;;
340,3397355;505,89;;;;
340,4390611;505,89;;;;
340,5374033;510,71;;;;
340,6357455;463,65;;;;
340,7291706;436,64;;;;
340,8324299;404,94;;;;
340,9297887;389,68;;;;
341,0291143;389,68;;;;
341,1274565;358,09;;;;
341,2208816;367,12;;;;
341,3241409;358,09;;;;
341,4254334;354,28;;;;
341,5198419;354,28;;;;
341,6181841;354,28;;;;
341,7165263;358,09;;;;
341,8148685;354,28;;;;
341,9132107;358,09;;;;
342,0125363;358,09;;;;
342,1108785;358,09;;;;
342,2102041;358,09;;;;
342,3065795;358,09;;;;
342,4068885;358,09;;;;
342,5032639;358,09;;;;
342,6035729;358,09;;;;
342,6999483;358,09;;;;
342,7982905;358,09;;;;
342,8976161;358,09;;;;
342,9979252;358,09;;;;
343,0933171;354,28;;;;
343,1916593;358,09;;;;
343,2909849;358,09;;;;
343,3873603;358,09;;;;
343,4866859;354,28;;;;
343,5879784;358,09;;;;
343,6833703;358,09;;;;
343,7797457;358,09;;;;
343,8810381;358,09;;;;
343,9783969;358,09;;;;
344,0777225;358,09;;;;
344,1780316;358,09;;;;
344,2734235;358,09;;;;
344,3707823;358,09;;;;
344,4710913;354,28;;;;
344,5684501;354,28;;;;
344,6658089;358,09;;;;
344,7641511;354,28;;;;
344,8624933;354,28;;;;
344,9657526;352,84;;;;
345,0601611;354,28;;;;
345,155553;358,09;;;;
345,2558621;358,09;;;;
345,3542043;358,09;;;;
345,4535299;354,28;;;;
345,5518721;354,28;;;;
345,6502143;354,28;;;;
345,7465897;358,09;;;;
345,8449319;358,09;;;;
345,9442575;344,04;;;;
346,0425997;284,24;;;;
346,1409419;236,47;;;;
346,2392841;206,54;;;;
346,3366429;173,66;;;;
346,4349851;152,39;;;;
346,5343107;125,7;;;;
346,6326529;127,61;;;;
346,7309951;115,19;;;;
346,8303207;115,19;;;;
346,9276795;115,19;;;;
347,0260217;115,19;;;;
347,1253473;115,19;;;;
347,2236895;115,19;;;;
347,3210483;115,19;;;;
347,4203739;115,19;;;;
347,5177327;115,19;;;;
347,6170583;115,88;;;;
347,7134337;115,19;;;;
347,8107924;115,88;;;;
347,9111015;115,88;;;;
348,0114105;115,88;;;;
348,1077859;115,88;;;;
348,2080949;115,19;;;;
348,3034869;115,88;;;;
348,3969119;115,19;;;;
348,5001713;115,88;;;;
348,5906461;115,19;;;;
348,6998059;115,19;;;;
348,7961813;115,19;;;;
348,8945235;115,19;;;;
348,9859817;115,19;;;;
349,0951416;115,19;;;;
349,1836495;115,19;;;;
349,291826;115,19;;;;
349,3862345;115,19;;;;
349,4855601;115,19;;;;
349,5819355;115,19;;;;
349,6783108;115,19;;;;
349,7786199;115,19;;;;
349,8749952;115,19;;;;
349,9743208;115,19;;;;
350,0746299;115,19;;;;
350,1719887;115,19;;;;
350,2713143;115,19;;;;
350,3696565;115,19;;;;
350,4670153;115,19;;;;
350,5653575;115,19;;;;
350,6627162;115,19;;;;
350,7610584;115,19;;;;
350,8613675;111,7;;;;
350,9587263;84,6;;;;
351,056085;48,68;;;;
351,1554107;34,96;;;;
351,2527694;24,09;;;;
351,3511116;15,46;;;;
351,4494538;13,77;;;;
351,5468126;11,44;;;;
351,6471217;11,29;;;;
351,7454639;11,29;;;;
351,8447895;11,44;;;;
351,9421483;11,29;;;;
352,0444241;11,29;;;;
352,134899;11,29;;;;
352,2371749;11,29;;;;
352,3345336;11,29;;;;
352,4338593;11,44;;;;
352,531218;11,29;;;;
352,6305437;11,44;;;;
352,726919;11,44;;;;
352,8282115;11,44;;;;
352,9265537;11,44;;;;
353,022929;11,44;;;;
353,1232381;11,44;;;;
353,2205969;11,44;;;;
353,3199225;11,44;;;;
353,4172813;11,44;;;;
353,5156235;11,44;;;;
353,6129822;11,44;;;;
353,7123079;11,44;;;;
353,8116335;11,44;;;;
353,9080088;11,44;;;;
354,0073345;11,44;;;;
354,1056767;11,44;;;;
354,2030354;11,29;;;;
354,3013776;11,44;;;;
354,3997198;11,29;;;;
354,498062;11,29;;;;
354,5954208;11,29;;;;
354,693763;11,44;;;;
354,7911218;11,29;;;;
354,8924143;11,29;;;;
354,9907565;11,44;;;;
355,0890987;11,29;;;;
355,1864574;11,44;;;;
355,2847996;11,29;;;;
355,3821584;11,29;;;;
355,4805006;11,29;;;;
355,5817931;11,29;;;;
355,6781684;10,2;;;;
355,7765106;10,2;;;;
355,8758363;7,09;;;;
355,9722116;6,2;;;;
356,0715372;6,1;;;;
356,168896;7,95;;;;
356,2662548;9,93;;;;
356,3665638;11,29;;;;
356,4639226;12,62;;;;
356,5622648;12,62;;;;
356,6625739;15,1;;;;
356,7589492;16,89;;;;
356,8582748;18,62;;;;
356,956617;18,62;;;;
357,0529924;18,62;;;;
357,1542849;18,62;;;;
357,2516436;18,62;;;;
357,3509693;18,41;;;;
357,448328;16,89;;;;
357,5456868;16,89;;;;
357,6459959;16,89;;;;
357,7443381;16,89;;;;
357,8416968;16,89;;;;
357,9390556;16,89;;;;
358,0393647;14,21;;;;
358,1367234;10,34;;;;
358,2330988;8,11;;;;
358,331441;9,31;;;;
358,4307666;10,34;;;;
358,5300922;10,34;;;;
358,627451;10,34;;;;
358,7277601;10,34;;;;
358,8261023;10,34;;;;
358,9224776;10,34;;;;
359,0198364;9,65;;;;
359,1201454;9,31;;;;
359,2165208;9,65;;;;
359,3158464;9,65;;;;
359,4171389;10,34;;;;
359,510564;9,65;;;;
359,6118564;10,34;;;;
359,7101986;10,34;;;;
359,8075574;10,34;;;;
359,9049162;10,34;;;;
359,9993247;10,34;;;;
